week_end,weekly_spending,avg_transaction_amount,transaction_count,fraud_count,year,month,week_of_year,week_sin,week_cos,current_week_spending,spending_1_week_ago,spending_2_weeks_ago,spending_3_weeks_ago,spending_4_weeks_ago,previous_2_week_avg,previous_4_week_avg,previous_8_week_avg,current_transaction_count,current_avg_transaction_amount,current_fraud_count,previous_transaction_count,previous_avg_transaction_amount,spending_change,spending_change_percentage,next_week_spending
2023-02-25,154569.36000000002,4683.92,33,0,2023,2,8,0.8229838658936564,0.5680647467311559,154569.36000000002,154477.05,148663.17,145150.12,149794.1,154523.20500000002,150714.925,150572.13625,33,4683.92,0,33.0,4681.1227272727265,92.31000000002678,0.059756449258984934,149757.54
2023-03-04,149757.54,5164.0531034482765,29,0,2023,3,9,0.8854560256532099,0.4647231720437686,149757.54,154569.36000000002,154477.05,148663.17,145150.12,152163.45,151866.78,150232.47375,29,5164.0531034482765,0,33.0,4683.92,-4811.820000000007,-3.1130490544827296,154476.43
2023-03-11,154476.43,4413.6122857142855,35,0,2023,3,10,0.9350162426854148,0.35460488704253557,154476.43,149757.54,154569.36000000002,154477.05,148663.17,152116.985,153320.095,150757.41375,35,4413.6122857142855,0,29.0,5164.0531034482765,4718.889999999985,3.15101997535482,152678.97
2023-03-18,152678.97,4925.128064516129,31,0,2023,3,11,0.970941817426052,0.23931566428755804,152678.97,154476.43,149757.54,154569.36000000002,154477.05,153577.7,152870.575,151195.8425,31,4925.128064516129,0,35.0,4413.6122857142855,-1797.4599999999919,-1.1635820429045338,149478.8
2023-03-25,149478.8,4529.6606060606055,33,1,2023,3,12,0.992708874098054,0.120536680255323,149478.8,152678.97,154476.43,149757.54,154569.36000000002,151078.885,151597.935,151156.43000000002,33,4529.6606060606055,1,31.0,4925.128064516129,-3200.170000000013,-2.096012306082503,148072.23
2023-04-01,148072.23,5105.938965517242,29,0,2023,4,13,1.0,-1.6081226496766366e-16,148072.23,149478.8,152678.97,154476.43,149757.54,148775.515,151176.60749999998,151521.69375,29,5105.938965517242,0,33.0,4529.6606060606055,-1406.5699999999779,-0.9409829353727606,151597.38
2023-04-08,151597.38,4331.353714285714,35,2,2023,4,14,0.992708874098054,-0.12053668025532288,151597.38,148072.23,149478.8,152678.97,154476.43,149834.805,150456.845,151888.47,35,4331.353714285714,2,29.0,5105.938965517242,3525.149999999994,2.3806962318322578,152245.66
2023-04-15,152245.66,5638.728148148149,27,0,2023,4,15,0.9709418174260521,-0.2393156642875575,152245.66,151597.38,148072.23,149478.8,152678.97,151921.52000000002,150348.51750000002,151609.54625,27,5638.728148148149,0,35.0,4331.353714285714,648.2799999999988,0.42763272030162974,154260.99
2023-04-22,154260.99,5142.032999999999,30,0,2023,4,16,0.9350162426854148,-0.35460488704253545,154260.99,152245.66,151597.38,148072.23,149478.8,153253.325,151544.065,151571.0,30,5142.032999999999,0,27.0,5638.728148148149,2015.3299999999872,1.3237355994252888,153068.45
2023-04-29,153068.45,5102.281666666667,30,0,2023,4,17,0.8854560256532099,-0.4647231720437685,153068.45,154260.99,152245.66,151597.38,148072.23,153664.72,152793.12,151984.86375,30,5102.281666666667,0,30.0,5142.032999999999,-1192.539999999979,-0.7730664764954374,156315.11
2023-05-06,156315.11,5042.422903225806,31,1,2023,5,18,0.8229838658936565,-0.5680647467311557,156315.11,153068.45,154260.99,152245.66,151597.38,154691.78,153972.5525,152214.69874999998,31,5042.422903225806,1,30.0,5102.281666666667,3246.6599999999744,2.1210510722490326,154871.81
2023-05-13,154871.81,4693.085151515152,33,0,2023,5,19,0.7485107481711013,-0.663122658240795,154871.81,156315.11,153068.45,154260.99,152245.66,155593.46,154629.09,152488.80375,33,4693.085151515152,0,31.0,5042.422903225806,-1443.2999999999884,-0.9233272458433407,168888.91999999998
2023-05-20,168888.91999999998,5448.029677419354,31,0,2023,5,20,0.6631226582407952,-0.7485107481711012,168888.91999999998,154871.81,156315.11,153068.45,154260.99,161880.365,158286.0725,154915.06874999998,31,5448.029677419354,0,33.0,4693.085151515152,14017.109999999986,9.050782062920286,160989.07
2023-05-27,160989.07,5551.347241379311,29,0,2023,5,21,0.5680647467311558,-0.8229838658936564,160989.07,168888.91999999998,154871.81,156315.11,153068.45,164938.995,160266.22749999998,156529.67375,29,5551.347241379311,0,31.0,5448.029677419354,-7899.849999999977,-4.6775419015054265,157856.59
2023-06-03,157856.59,4783.5330303030305,33,0,2023,6,22,0.46472317204376906,-0.8854560256532096,157856.59,160989.07,168888.91999999998,154871.81,156315.11,159422.83000000002,160651.5975,157312.075,33,4783.5330303030305,0,29.0,5551.347241379311,-3132.4800000000105,-1.9457718464986538,167026.12
2023-06-10,167026.12,5759.521379310345,29,1,2023,6,23,0.35460488704253584,-0.9350162426854147,167026.12,157856.59,160989.07,168888.91999999998,154871.81,162441.35499999998,163690.175,159159.63249999998,29,5759.521379310345,1,33.0,4783.5330303030305,9169.529999999999,5.808772380044443,164808.9
2023-06-17,164808.9,5150.278125,32,1,2023,6,24,0.23931566428755768,-0.970941817426052,164808.9,167026.12,157856.59,160989.07,168888.91999999998,165917.51,162670.16999999998,160478.12125,32,5150.278125,1,29.0,5759.521379310345,-2217.220000000001,-1.3274690210130016,160372.71
2023-06-24,160372.71,5173.313225806452,31,1,2023,6,25,0.12053668025532308,-0.992708874098054,160372.71,164808.9,167026.12,157856.59,160989.07,162590.805,162516.08,161391.15375,31,5173.313225806452,1,32.0,5150.278125,-4436.190000000002,-2.691717498266175,153926.21
2023-07-01,153926.21,4810.1940625,32,0,2023,7,26,-3.216245299353273e-16,-1.0,153926.21,160372.71,164808.9,167026.12,157856.59,157149.46,161533.485,161092.54125,32,4810.1940625,0,31.0,5173.313225806452,-6446.5,-4.019698862730448,154072.56
2023-07-08,154072.56,5502.591428571429,28,4,2023,7,27,-0.12053668025532283,-0.992708874098054,154072.56,153926.21,160372.71,164808.9,167026.12,153999.385,158295.095,160992.635,28,5502.591428571429,4,32.0,4810.1940625,146.35000000000582,0.09507802472366846,156718.83000000002
2023-07-15,156718.83000000002,5404.097586206897,29,3,2023,7,28,-0.23931566428755743,-0.9709418174260521,156718.83000000002,154072.56,153926.21,160372.71,164808.9,155395.695,156272.5775,159471.37375000003,29,5404.097586206897,3,28.0,5502.591428571429,2646.2700000000186,1.7175478878263712,154810.01
2023-07-22,154810.01,4837.8128125,32,0,2023,7,29,-0.3546048870425356,-0.9350162426854148,154810.01,156718.83000000002,154072.56,153926.21,160372.71,155764.42,154881.90250000003,158698.99125000002,32,4837.8128125,0,29.0,5404.097586206897,-1908.820000000007,-1.2179902057717038,149433.58000000002
2023-07-29,149433.58000000002,5152.882068965518,29,0,2023,7,30,-0.46472317204376806,-0.8854560256532101,149433.58000000002,154810.01,156718.83000000002,154072.56,153926.21,152121.795,153758.745,157646.115,29,5152.882068965518,0,32.0,4837.8128125,-5376.429999999993,-3.4729214215540662,144315.18
2023-08-05,144315.18,4655.328387096774,31,0,2023,8,31,-0.5680647467311556,-0.8229838658936566,144315.18,149433.58000000002,154810.01,156718.83000000002,154072.56,146874.38,151319.40000000002,154807.2475,31,4655.328387096774,0,29.0,5152.882068965518,-5118.400000000023,-3.4252006811320608,148255.23
2023-08-12,148255.23,3901.4534210526317,38,0,2023,8,32,-0.663122658240795,-0.7485107481711013,148255.23,144315.18,149433.58000000002,154810.01,156718.83000000002,146285.20500000002,149203.5,152738.03875,38,3901.4534210526317,0,31.0,4655.328387096774,3940.0500000000175,2.73017017336639,147846.44
2023-08-19,147846.44,4620.20125,32,0,2023,8,33,-0.7485107481711011,-0.6631226582407952,147846.44,148255.23,144315.18,149433.58000000002,154810.01,148050.83500000002,147462.6075,151172.255,32,4620.20125,0,38.0,3901.4534210526317,-408.79000000000815,-0.275733948812469,147243.54
2023-08-26,147243.54,4090.0983333333334,36,2,2023,8,34,-0.8229838658936564,-0.5680647467311559,147243.54,147846.44,148255.23,144315.18,149433.58000000002,147544.99,146915.0975,150336.92125,36,4090.0983333333334,2,32.0,4620.20125,-602.8999999999942,-0.4077879724395083,145014.11000000002
2023-09-02,145014.11000000002,5577.46576923077,26,2,2023,9,35,-0.8854560256532096,-0.4647231720437691,145014.11000000002,147243.54,147846.44,148255.23,144315.18,146128.825,147089.83000000002,149204.615,26,5577.46576923077,2,36.0,4090.0983333333334,-2229.429999999993,-1.5141105681104874,150422.87
2023-09-09,150422.87,4852.35064516129,31,0,2023,9,36,-0.9350162426854147,-0.3546048870425359,150422.87,145014.11000000002,147243.54,147846.44,148255.23,147718.49,147631.74000000002,148417.62,31,4852.35064516129,0,26.0,5577.46576923077,5408.75999999998,3.7298163606286168,147244.78
2023-09-16,147244.78,4206.993714285714,35,0,2023,9,37,-0.970941817426052,-0.23931566428755774,147244.78,150422.87,145014.11000000002,147243.54,147846.44,148833.825,147481.325,147471.96625,35,4206.993714285714,0,31.0,4852.35064516129,-3178.0899999999965,-2.112770484966812,150014.87
2023-09-23,150014.87,5000.495666666667,30,0,2023,9,38,-0.992708874098054,-0.12053668025532357,150014.87,147244.78,150422.87,145014.11000000002,147243.54,148629.825,148174.1575,147544.6275,30,5000.495666666667,0,35.0,4206.993714285714,2770.0899999999965,1.8812823109926182,155971.69
2023-09-30,155971.69,6238.8676000000005,25,0,2023,9,39,-1.0,-1.8369701987210297e-16,155971.69,150014.87,147244.78,150422.87,145014.11000000002,152993.28,150913.5525,149001.69125,25,6238.8676000000005,0,30.0,5000.495666666667,5956.820000000007,3.970819692741131,161238.24
2023-10-07,161238.24,5559.939310344827,29,0,2023,10,40,-0.992708874098054,0.1205366802553232,161238.24,155971.69,150014.87,147244.78,150422.87,158604.965,153617.39500000002,150624.5675,29,5559.939310344827,0,25.0,6238.8676000000005,5266.549999999988,3.376606357217767,159874.73
2023-10-14,159874.73,4440.964722222223,36,1,2023,10,41,-0.9709418174260521,0.23931566428755738,159874.73,161238.24,155971.69,150014.87,147244.78,160556.485,156774.8825,152128.10375,36,4440.964722222223,1,29.0,5559.939310344827,-1363.5099999999802,-0.845649270297158,159037.09
2023-10-21,159037.09,6116.8111538461535,26,0,2023,10,42,-0.9350162426854148,0.35460488704253557,159037.09,159874.73,161238.24,155971.69,150014.87,159455.91,159030.4375,153602.29750000002,26,6116.8111538461535,0,36.0,4440.964722222223,-837.640000000014,-0.5239352085223311,151409.15
2023-10-28,151409.15,5221.005172413793,29,1,2023,10,43,-0.8854560256532101,0.464723172043768,151409.15,159037.09,159874.73,161238.24,155971.69,155223.12,157889.8025,154401.6775,29,5221.005172413793,1,26.0,6116.8111538461535,-7627.940000000002,-4.796327699406473,144094.77
2023-11-04,144094.77,5146.2417857142855,28,1,2023,11,44,-0.822983865893657,0.5680647467311548,144094.77,151409.15,159037.09,159874.73,161238.24,147751.96,153603.935,153610.665,28,5146.2417857142855,1,29.0,5221.005172413793,-7314.380000000005,-4.830870525328228,150870.07
2023-11-11,150870.07,5802.695000000001,26,0,2023,11,45,-0.7485107481711011,0.6631226582407952,150870.07,144094.77,151409.15,159037.09,159874.73,147482.41999999998,151352.77000000002,154063.82625,26,5802.695000000001,0,28.0,5146.2417857142855,6775.3000000000175,4.701974957175765,149773.05
2023-11-18,149773.05,5349.037499999999,28,1,2023,11,46,-0.6631226582407955,0.7485107481711007,149773.05,150870.07,144094.77,151409.15,159037.09,150321.56,149036.76,154033.59875,28,5349.037499999999,1,26.0,5802.695000000001,-1097.0200000000186,-0.7271289792601134,144699.65
2023-11-25,144699.65,4667.73064516129,31,1,2023,11,47,-0.5680647467311559,0.8229838658936564,144699.65,149773.05,150870.07,144094.77,151409.15,147236.34999999998,147359.38499999998,152624.59375,31,4667.73064516129,1,28.0,5349.037499999999,-5073.399999999994,-3.3873917904456077,141242.57
2023-12-02,141242.57,4280.077878787879,33,0,2023,12,48,-0.4647231720437684,0.88545602565321,141242.57,144699.65,149773.05,150870.07,144094.77,142971.11,146646.335,150125.135,33,4280.077878787879,0,31.0,4667.73064516129,-3457.079999999987,-2.3891419225962105,151037.84
2023-12-09,151037.84,5809.1476923076925,26,0,2023,12,49,-0.35460488704253595,0.9350162426854147,151037.84,141242.57,144699.65,149773.05,150870.07,146140.20500000002,146688.2775,149020.52375,26,5809.1476923076925,0,33.0,4280.077878787879,9795.26999999999,6.935069221694273,159606.31
2023-12-16,159606.31,5503.665862068965,29,0,2023,12,50,-0.2393156642875578,0.970941817426052,159606.31,151037.84,141242.57,144699.65,149773.05,155322.075,149146.5925,149091.67625,29,5503.665862068965,0,26.0,5809.1476923076925,8568.470000000001,5.673061796964259,165256.59
2023-12-23,165256.59,4860.4879411764705,34,0,2023,12,51,-0.12053668025532363,0.992708874098054,165256.59,159606.31,151037.84,141242.57,144699.65,162431.45,154285.82749999998,150822.60625,34,4860.4879411764705,0,29.0,5503.665862068965,5650.279999999999,3.5401357252103622,169194.07
2023-12-30,169194.07,5287.3146875,32,0,2023,12,52,6.432490598706546e-16,1.0,169194.07,165256.59,159606.31,151037.84,141242.57,167225.33000000002,161273.7025,153960.01875,32,5287.3146875,0,34.0,4860.4879411764705,3937.4800000000105,2.382646283576353,172221.9
2024-01-06,172221.9,7487.908695652173,23,0,2024,1,1,0.12053668025532305,0.992708874098054,172221.9,169194.07,165256.59,159606.31,151037.84,170707.985,166569.7175,156628.9975,23,7487.908695652173,0,32.0,5287.3146875,3027.829999999987,1.7895603551590118,172125.61000000002
2024-01-13,172125.61000000002,5737.520333333334,30,0,2024,1,2,0.23931566428755774,0.970941817426052,172125.61000000002,172221.9,169194.07,165256.59,159606.31,172173.755,169699.5425,159423.0675,30,5737.520333333334,0,23.0,7487.908695652173,-96.28999999997905,-0.05591042718723871,166555.62
2024-01-20,166555.62,6168.7266666666665,27,0,2024,1,3,0.3546048870425356,0.9350162426854148,166555.62,172125.61000000002,172221.9,169194.07,165256.59,169340.615,170024.30000000002,162155.06375,27,6168.7266666666665,0,30.0,5737.520333333334,-5569.99000000002,-3.236003056140233,159190.71
2024-01-27,159190.71,4974.7096875,32,1,2024,1,4,0.4647231720437685,0.8854560256532099,159190.71,166555.62,172125.61000000002,172221.9,169194.07,162873.16499999998,167523.46,164398.58125,32,4974.7096875,1,27.0,6168.7266666666665,-7364.9100000000035,-4.421892218347242,149893.05
2024-02-03,149893.05,5765.117307692307,26,0,2024,2,5,0.5680647467311558,0.8229838658936564,149893.05,159190.71,166555.62,172125.61000000002,172221.9,154541.88,161941.2475,164255.4825,26,5765.117307692307,0,32.0,4974.7096875,-9297.660000000003,-5.84057951622931,158352.43
2024-02-10,158352.43,4060.3187179487177,39,1,2024,2,6,0.6631226582407952,0.7485107481711011,158352.43,149893.05,159190.71,166555.62,172125.61000000002,154122.74,158497.9525,164098.7475,39,4060.3187179487177,1,26.0,5765.117307692307,8459.380000000005,5.6436105609966605,158361.94
2024-02-17,158361.94,5278.731333333333,30,3,2024,2,7,0.7485107481711011,0.6631226582407953,158361.94,158352.43,149893.05,159190.71,166555.62,158357.185,156449.5325,163236.91624999998,30,5278.731333333333,3,39.0,4060.3187179487177,9.510000000009313,0.006005591451933711,155676.86000000002
2024-02-24,155676.86000000002,4578.731176470588,34,1,2024,2,8,0.8229838658936564,0.5680647467311559,155676.86000000002,158361.94,158352.43,149893.05,159190.71,157019.40000000002,155571.07,161547.265,34,4578.731176470588,1,30.0,5278.731333333333,-2685.079999999987,-1.6955336616866319,157398.27
2024-03-02,157398.27,5427.526551724138,29,0,2024,3,9,0.8854560256532099,0.4647231720437686,157398.27,155676.86000000002,158361.94,158352.43,149893.05,156537.565,157447.375,159694.31125,29,5427.526551724138,0,34.0,4578.731176470588,1721.4099999999744,1.1057584280669421,157689.11
2024-03-09,157689.11,5086.745483870967,31,1,2024,3,10,0.9350162426854148,0.35460488704253557,157689.11,157398.27,155676.86000000002,158361.94,158352.43,157543.69,157281.54499999998,157889.74875,31,5086.745483870967,1,29.0,5427.526551724138,290.8399999999965,0.18477966752747443,161074.45
2024-03-16,161074.45,5369.1483333333335,30,1,2024,3,11,0.970941817426052,0.23931566428755804,161074.45,157689.11,157398.27,155676.86000000002,158361.94,159381.78,157959.6725,157204.60249999998,30,5369.1483333333335,1,31.0,5086.745483870967,3385.3400000000256,2.1468445094274586,159942.68
2024-03-23,159942.68,5159.44129032258,31,0,2024,3,12,0.992708874098054,0.120536680255323,159942.68,161074.45,157689.11,157398.27,155676.86000000002,160508.565,159026.1275,157298.59875,31,5159.44129032258,0,30.0,5369.1483333333335,-1131.7700000000186,-0.7026378174813066,153711.35
2024-03-30,153711.35,6683.102173913044,23,0,2024,3,13,1.0,-1.6081226496766366e-16,153711.35,159942.68,161074.45,157689.11,157398.27,156827.015,158104.3975,157775.88624999998,23,6683.102173913044,0,31.0,5159.44129032258,-6231.329999999987,-3.895976983754422,152065.12
2024-04-06,152065.12,5243.624827586207,29,0,2024,4,14,0.992708874098054,-0.12053668025532288,152065.12,153711.35,159942.68,161074.45,157689.11,152888.235,156698.4,156989.9725,29,5243.624827586207,0,23.0,6683.102173913044,-1646.2300000000105,-1.070987926395813,166123.53
2024-04-13,166123.53,5728.397586206896,29,0,2024,4,15,0.9709418174260521,-0.2393156642875575,166123.53,152065.12,153711.35,159942.68,161074.45,159094.325,157960.66999999998,157960.17125,29,5728.397586206896,0,29.0,5243.624827586207,14058.410000000003,9.244993197651114,173496.95
2024-04-20,173496.95,5596.675806451613,31,0,2024,4,16,0.9350162426854148,-0.35460488704253545,173496.95,166123.53,152065.12,153711.35,159942.68,169810.24,161349.2375,160187.6825,31,5596.675806451613,0,29.0,5728.397586206896,7373.420000000013,4.4385163257727624,179251.02
2024-04-27,179251.02,6894.2699999999995,26,1,2024,4,17,0.8854560256532099,-0.4647231720437685,179251.02,173496.95,166123.53,152065.12,153711.35,176373.985,167734.155,162919.27625,26,6894.2699999999995,1,31.0,5596.675806451613,5754.069999999978,3.316525160816935,178199.8
2024-05-04,178199.8,5568.74375,32,1,2024,5,18,0.8229838658936565,-0.5680647467311557,178199.8,179251.02,173496.95,166123.53,152065.12,178725.40999999997,174267.825,165483.11250000002,32,5568.74375,1,26.0,6894.2699999999995,-1051.2200000000012,-0.5864513351165317,188057.14
2024-05-11,188057.14,7522.2856,25,0,2024,5,19,0.7485107481711013,-0.663122658240795,188057.14,178199.8,179251.02,173496.95,166123.53,183128.47,179751.2275,168855.94875,25,7522.2856,0,32.0,5568.74375,9857.340000000026,5.531622369946558,177869.75
2024-05-18,177869.75,5928.991666666667,30,0,2024,5,20,0.6631226582407952,-0.7485107481711012,177869.75,188057.14,178199.8,179251.02,173496.95,182963.445,180844.4275,171096.8325,30,5928.991666666667,0,25.0,7522.2856,-10187.390000000014,-5.417177991752939,170227.96
2024-05-25,170227.96,5006.704705882353,34,0,2024,5,21,0.5680647467311558,-0.8229838658936564,170227.96,177869.75,188057.14,178199.8,179251.02,174048.85499999998,178588.6625,173161.40875,34,5006.704705882353,0,30.0,5928.991666666667,-7641.790000000008,-4.296284219210972,164482.99
2024-06-01,164482.99,6091.962592592592,27,0,2024,6,22,0.46472317204376906,-0.8854560256532096,164482.99,170227.96,177869.75,188057.14,178199.8,167355.47499999998,175159.46,174713.6425,27,6091.962592592592,0,34.0,5006.704705882353,-5744.970000000001,-3.3748686173528726,161180.22
2024-06-08,161180.22,5372.674,30,0,2024,6,23,0.35460488704253584,-0.9350162426854147,161180.22,164482.99,170227.96,177869.75,188057.14,162831.60499999998,168440.22999999998,174095.72874999998,30,5372.674,0,27.0,6091.962592592592,-3302.7699999999895,-2.0079705506326153,164405.46
2024-06-15,164405.46,4215.524615384616,39,0,2024,6,24,0.23931566428755768,-0.970941817426052,164405.46,161180.22,164482.99,170227.96,177869.75,162792.84,165074.15749999997,172959.29249999998,39,4215.524615384616,0,30.0,5372.674,3225.2399999999907,2.0010147647149203,164416.22
2024-06-22,164416.22,6323.700769230769,26,0,2024,6,25,0.12053668025532308,-0.992708874098054,164416.22,164405.46,161180.22,164482.99,170227.96,164410.84,163621.2225,171104.9425,26,6323.700769230769,0,39.0,4215.524615384616,10.760000000009313,0.006544794801832806,160385.6
2024-06-29,160385.6,5530.537931034483,29,0,2024,6,26,-3.216245299353273e-16,-1.0,160385.6,164416.22,164405.46,161180.22,164482.99,162400.91,162596.875,168878.16749999998,29,5530.537931034483,0,26.0,6323.700769230769,-4030.6199999999953,-2.4514734616815756,155620.42
2024-07-06,155620.42,5557.872142857143,28,0,2024,7,27,-0.12053668025532283,-0.992708874098054,155620.42,160385.6,164416.22,164405.46,161180.22,158003.01,161206.92500000002,164823.5775,28,5557.872142857143,0,29.0,5530.537931034483,-4765.179999999993,-2.9710772039385036,154478.84
2024-07-13,154478.84,4827.46375,32,2,2024,7,28,-0.23931566428755743,-0.9709418174260521,154478.84,155620.42,160385.6,164416.22,164405.46,155049.63,158725.27000000002,161899.71375,32,4827.46375,2,28.0,5557.872142857143,-1141.5800000000163,-0.7335669701958241,153558.81
2024-07-20,153558.81,5484.243214285714,28,0,2024,7,29,-0.3546048870425356,-0.9350162426854148,153558.81,154478.84,155620.42,160385.6,164416.22,154018.825,156010.9175,159816.07,28,5484.243214285714,0,32.0,4827.46375,-920.0299999999988,-0.5955702412058499,155644.02
2024-07-27,155644.02,5188.134,30,0,2024,7,30,-0.46472317204376806,-0.8854560256532101,155644.02,153558.81,154478.84,155620.42,160385.6,154601.41499999998,154825.5225,158711.19875,30,5188.134,0,28.0,5484.243214285714,2085.209999999992,1.3579227398284681,153093.13
2024-08-03,153093.13,5888.197307692308,26,0,2024,8,31,-0.5680647467311556,-0.8229838658936566,153093.13,155644.02,153558.81,154478.84,155620.42,154368.575,154193.69999999998,157700.3125,26,5888.197307692308,0,30.0,5188.134,-2550.889999999985,-1.6389258000403646,156001.54
2024-08-10,156001.54,5200.051333333334,30,1,2024,8,32,-0.663122658240795,-0.7485107481711013,156001.54,153093.13,155644.02,153558.81,154478.84,154547.33500000002,154574.375,156649.8225,30,5200.051333333334,1,26.0,5888.197307692308,2908.4100000000035,1.8997651952115706,158739.82
2024-08-17,158739.82,4960.619375,32,0,2024,8,33,-0.7485107481711011,-0.6631226582407952,158739.82,156001.54,153093.13,155644.02,153558.81,157370.68,155869.6275,155940.2725,32,4960.619375,0,30.0,5200.051333333334,2738.279999999999,1.7552903644412734,160891.1
2024-08-24,160891.1,4469.197222222222,36,2,2024,8,34,-0.8229838658936564,-0.5680647467311559,160891.1,158739.82,156001.54,153093.13,155644.02,159815.46000000002,157181.3975,156003.46000000002,36,4469.197222222222,2,32.0,4960.619375,2151.279999999999,1.3552239129413142,158491.67
2024-08-31,158491.67,5660.416785714287,28,1,2024,8,35,-0.8854560256532096,-0.4647231720437691,158491.67,160891.1,158739.82,156001.54,153093.13,159691.385,158531.0325,156362.36625,28,5660.416785714287,1,36.0,4469.197222222222,-2399.429999999993,-1.4913379298171203,162408.96
2024-09-07,162408.96,5800.32,28,1,2024,9,36,-0.9350162426854147,-0.3546048870425359,162408.96,158491.67,160891.1,158739.82,156001.54,160450.315,160132.8875,157353.63125,28,5800.32,1,28.0,5660.416785714287,3917.289999999979,2.4716062364665463,166413.19
2024-09-14,166413.19,5042.823939393939,33,0,2024,9,37,-0.970941817426052,-0.23931566428755774,166413.19,162408.96,158491.67,160891.1,158739.82,164411.075,162051.23,158960.42875,33,5042.823939393939,0,28.0,5800.32,4004.2300000000105,2.465522838148838,163575.97
2024-09-21,163575.97,5640.550689655172,29,1,2024,9,38,-0.992708874098054,-0.12053668025532357,163575.97,166413.19,162408.96,158491.67,160891.1,164994.58000000002,162722.4475,159951.9225,29,5640.550689655172,1,33.0,5042.823939393939,-2837.220000000001,-1.704924952162747,158706.66
2024-09-28,158706.66,6612.7775,24,0,2024,9,39,-1.0,-1.8369701987210297e-16,158706.66,163575.97,166413.19,162408.96,158491.67,161141.315,162776.195,160653.61375000002,24,6612.7775,0,29.0,5640.550689655172,-4869.309999999998,-2.9767880942414693,158143.19
2024-10-05,158143.19,5453.213448275862,29,2,2024,10,40,-0.992708874098054,0.1205366802553232,158143.19,158706.66,163575.97,166413.19,162408.96,158424.925,161709.7525,160921.32,29,5453.213448275862,2,24.0,6612.7775,-563.4700000000012,-0.35503866063339823,160305.38
2024-10-12,160305.38,4714.864117647059,34,1,2024,10,41,-0.9709418174260521,0.23931566428755738,160305.38,158143.19,158706.66,163575.97,166413.19,159224.285,160182.8,161117.015,34,4714.864117647059,1,29.0,5453.213448275862,2162.1900000000023,1.3672356046441216,159211.59
2024-10-19,159211.59,5135.857741935483,31,1,2024,10,42,-0.9350162426854148,0.35460488704253557,159211.59,160305.38,158143.19,158706.66,163575.97,159758.485,159091.70500000002,160907.07624999998,31,5135.857741935483,1,34.0,4714.864117647059,-1093.7900000000081,-0.6823164637394005,161617.34
2024-10-26,161617.34,5213.462580645161,31,1,2024,10,43,-0.8854560256532101,0.464723172043768,161617.34,159211.59,160305.38,158143.19,158706.66,160414.465,159819.375,161297.785,31,5213.462580645161,1,31.0,5135.857741935483,2405.75,1.5110394915345045,157301.63
2024-11-02,157301.63,5617.915357142857,28,1,2024,11,44,-0.822983865893657,0.5680647467311548,157301.63,161617.34,159211.59,160305.38,158143.19,159459.485,159608.98500000002,160659.36875,28,5617.915357142857,1,31.0,5213.462580645161,-4315.709999999992,-2.6703260924848733,151978.05
2024-11-09,151978.05,5427.787499999999,28,0,2024,11,45,-0.7485107481711011,0.6631226582407952,151978.05,157301.63,161617.34,159211.59,160305.38,154639.84,157527.1525,158854.97625,28,5427.787499999999,0,28.0,5617.915357142857,-5323.580000000016,-3.3843133094043694,155211.24
2024-11-16,155211.24,5352.111724137931,29,0,2024,11,46,-0.6631226582407955,0.7485107481711007,155211.24,151978.05,157301.63,161617.34,159211.59,153594.645,156527.065,157809.38499999998,29,5352.111724137931,0,28.0,5427.787499999999,3233.1900000000023,2.127405898417569,153379.21
2024-11-23,153379.21,4647.854848484848,33,0,2024,11,47,-0.5680647467311559,0.8229838658936564,153379.21,155211.24,151978.05,157301.63,161617.34,154295.22499999998,154467.5325,157143.45375,33,4647.854848484848,0,29.0,5352.111724137931,-1832.0299999999988,-1.1803462171940635,151167.64
2024-11-30,151167.64,5038.921333333334,30,0,2024,11,48,-0.4647231720437684,0.88545602565321,151167.64,153379.21,155211.24,151978.05,157301.63,152273.425,152934.035,156271.51,30,5038.921333333334,0,33.0,4647.854848484848,-2211.569999999978,-1.4418968516006687,184528.41999999998
2024-12-07,184528.41999999998,6590.300714285714,28,1,2024,12,49,-0.35460488704253595,0.9350162426854147,184528.41999999998,151167.64,153379.21,155211.24,151978.05,167848.03,161071.6275,159299.38999999998,28,6590.300714285714,1,30.0,5038.921333333334,33360.77999999997,22.06873111202898,185971.6
2024-12-14,185971.6,5469.752941176471,34,0,2024,12,50,-0.2393156642875578,0.970941817426052,185971.6,184528.41999999998,151167.64,153379.21,155211.24,185250.01,168761.7175,162644.39125000002,34,5469.752941176471,0,28.0,6590.300714285714,1443.1800000000221,0.7820909104407995,192301.83
2024-12-21,192301.83,5494.338,35,1,2024,12,51,-0.12053668025532363,0.992708874098054,192301.83,185971.6,184528.41999999998,151167.64,153379.21,189136.715,178492.3725,166479.95249999998,35,5494.338,1,34.0,5469.752941176471,6330.229999999981,3.4038691929305234,189300.02
2024-12-28,189300.02,6310.000666666666,30,3,2024,12,52,6.432490598706546e-16,1.0,189300.02,192301.83,185971.6,184528.41999999998,151167.64,190800.925,188025.4675,170479.75125,30,6310.000666666666,3,35.0,5494.338,-3001.8099999999977,-1.5609887851821265,187350.14
2025-01-04,187350.14,6043.552903225807,31,1,2025,1,1,0.12053668025532305,0.992708874098054,187350.14,189300.02,192301.83,185971.6,184528.41999999998,188325.08000000002,188730.8975,174901.2625,31,6043.552903225807,1,30.0,6310.000666666666,-1949.8799999999756,-1.0300474347546162,182562.88999999998
2025-01-11,182562.88999999998,5705.0903124999995,32,1,2025,1,2,0.23931566428755774,0.970941817426052,182562.88999999998,187350.14,189300.02,192301.83,185971.6,184956.515,187878.71999999997,178320.21875,32,5705.0903124999995,1,31.0,6043.552903225807,-4787.250000000029,-2.555242285914507,170105.06
2025-01-18,170105.06,5487.26,31,2,2025,1,3,0.3546048870425356,0.9350162426854148,170105.06,182562.88999999998,187350.14,189300.02,192301.83,176333.97499999998,182329.5275,180410.95,31,5487.26,2,32.0,5705.0903124999995,-12457.829999999987,-6.823856699463943,165502.87
2025-01-25,165502.87,5015.238484848484,33,1,2025,1,4,0.4647231720437685,0.8854560256532099,165502.87,170105.06,182562.88999999998,187350.14,189300.02,167803.965,176380.24,182202.85374999998,33,5015.238484848484,1,31.0,5487.26,-4602.190000000002,-2.7054985901066098,161157.3
2025-02-01,161157.3,6198.357692307692,26,0,2025,2,5,0.5680647467311558,0.8229838658936564,161157.3,165502.87,170105.06,182562.88999999998,187350.14,163330.085,169832.02999999997,179281.46375,26,6198.357692307692,0,33.0,5015.238484848484,-4345.570000000007,-2.6256765215008095,173567.25
2025-02-08,173567.25,5423.9765625,32,1,2025,2,6,0.6631226582407952,0.7485107481711011,173567.25,161157.3,165502.87,170105.06,182562.88999999998,167362.275,167583.12,177730.91999999998,32,5423.9765625,1,26.0,6198.357692307692,12409.950000000012,7.70051992680444,171587.73
2025-02-15,171587.73,5046.6979411764705,34,0,2025,2,7,0.7485107481711011,0.6631226582407953,171587.73,173567.25,161157.3,165502.87,170105.06,172577.49,167953.7875,175141.6575,34,5046.6979411764705,0,32.0,5423.9765625,-1979.5199999999895,-1.140491653811413,169720.76
2025-02-22,169720.76,5474.863225806452,31,2,2025,2,8,0.8229838658936564,0.5680647467311559,169720.76,171587.73,173567.25,161157.3,165502.87,170654.245,169008.26,172694.25,31,5474.863225806452,2,34.0,5046.6979411764705,-1866.9700000000012,-1.0880556552615976,165950.31
2025-03-01,165950.31,5531.677,30,0,2025,3,9,0.8854560256532099,0.4647231720437686,165950.31,169720.76,171587.73,173567.25,161157.3,167835.535,170206.5125,170019.27125,30,5531.677,0,31.0,5474.863225806452,-3770.4500000000116,-2.2215608744622704,165062.3
2025-03-08,165062.3,5895.082142857143,28,0,2025,3,10,0.9350162426854148,0.35460488704253557,165062.3,165950.31,169720.76,171587.73,173567.25,165506.305,168080.275,167831.6975,28,5895.082142857143,0,30.0,5531.677,-888.0100000000093,-0.5351059603323485,169662.97
2025-03-15,169662.97,7069.290416666667,24,0,2025,3,11,0.970941817426052,0.23931566428755804,169662.97,165062.3,165950.31,169720.76,171587.73,167362.635,167599.08500000002,167776.43625,24,7069.290416666667,0,28.0,5895.082142857143,4600.670000000013,2.7872324570783356,169775.05
2025-03-22,169775.05,5854.312068965517,29,2,2025,3,12,0.992708874098054,0.120536680255323,169775.05,169662.97,165062.3,165950.31,169720.76,169719.01,167612.6575,168310.45875,29,5854.312068965517,2,24.0,7069.290416666667,112.0799999999872,0.0660603784078442,168734.22
2025-03-29,168734.22,5113.158181818182,33,0,2025,3,13,1.0,-1.6081226496766366e-16,168734.22,169775.05,169662.97,165062.3,165950.31,169254.635,168308.63499999998,169257.57375,33,5113.158181818182,0,29.0,5854.312068965517,-1040.8299999999872,-0.61306416932287,162318.73
2025-04-05,162318.73,6492.7492,25,0,2025,4,14,0.992708874098054,-0.12053668025532288,162318.73,168734.22,169775.05,169662.97,165062.3,165526.475,167622.7425,167851.50875,25,6492.7492,0,33.0,5113.158181818182,-6415.489999999991,-3.802127393008953,177824.45
2025-04-12,177824.45,5557.0140625,32,0,2025,4,15,0.9709418174260521,-0.2393156642875575,177824.45,162318.73,168734.22,169775.05,169662.97,170071.59000000003,169663.1125,168631.09875,32,5557.0140625,0,25.0,6492.7492,15505.720000000001,9.552637579162921,176658.74
2025-04-19,176658.74,5888.624666666667,30,0,2025,4,16,0.9350162426854148,-0.35460488704253545,176658.74,177824.45,162318.73,168734.22,169775.05,177241.595,171384.035,169498.34625,30,5888.624666666667,0,32.0,5557.0140625,-1165.710000000021,-0.6555397753233714,180603.59
2025-04-26,180603.59,5472.8360606060605,33,1,2025,4,17,0.8854560256532099,-0.4647231720437685,180603.59,176658.74,177824.45,162318.73,168734.22,178631.16499999998,174351.3775,171330.00625,33,5472.8360606060605,1,30.0,5888.624666666667,3944.850000000006,2.2330341538720395,187931.5
2025-05-03,187931.5,7517.26,25,0,2025,5,18,0.8229838658936565,-0.5680647467311557,187931.5,180603.59,176658.74,177824.45,162318.73,184267.54499999998,180754.57,174188.65625,25,7517.26,0,33.0,5472.8360606060605,7327.9100000000035,4.057455336297581,181823.77
2025-05-10,181823.77,6734.213703703704,27,0,2025,5,19,0.7485107481711013,-0.663122658240795,181823.77,187931.5,180603.59,176658.74,177824.45,184877.635,181754.4,175708.75624999998,27,6734.213703703704,0,25.0,7517.26,-6107.7300000000105,-3.249976720241157,176421.77
2025-05-17,176421.77,5513.1803125,32,1,2025,5,20,0.6631226582407952,-0.7485107481711012,176421.77,181823.77,187931.5,180603.59,176658.74,179122.77,181695.1575,176539.59625,32,5513.1803125,1,27.0,6734.213703703704,-5402.0,-2.9710086860480343,198185.75
2025-05-24,198185.75,6193.3046875,32,0,2025,5,21,0.5680647467311558,-0.8229838658936564,198185.75,176421.77,181823.77,187931.5,180603.59,187303.76,186090.6975,180221.03749999998,32,6193.3046875,0,32.0,5513.1803125,21763.98000000001,12.33633468250546,185527.15
2025-05-31,185527.15,5797.7234375,32,1,2025,5,22,0.46472317204376906,-0.8854560256532096,185527.15,198185.75,176421.77,181823.77,187931.5,191856.45,185489.61,183122.09,32,5797.7234375,1,32.0,6193.3046875,-12658.600000000006,-6.387240253146357,202588.63
2025-06-07,202588.63,6985.814827586207,29,5,2025,6,23,0.35460488704253584,-0.9350162426854147,202588.63,185527.15,198185.75,176421.77,181823.77,194057.89,190680.825,186217.6125,29,6985.814827586207,5,32.0,5797.7234375,17061.48000000001,9.196217373036783,192598.07
2025-06-14,192598.07,5836.305151515152,33,0,2025,6,24,0.23931566428755768,-0.970941817426052,192598.07,202588.63,185527.15,198185.75,176421.77,197593.35,194724.9,188210.02875,33,5836.305151515152,0,29.0,6985.814827586207,-9990.559999999998,-4.931451483728379,180541.97
2025-06-21,180541.97,5641.9365625,32,0,2025,6,25,0.12053668025532308,-0.992708874098054,180541.97,192598.07,202588.63,185527.15,198185.75,186570.02000000002,190313.955,188202.32624999998,32,5641.9365625,0,33.0,5836.305151515152,-12056.100000000006,-6.259720048077328,175831.32
2025-06-28,175831.32,6512.271111111111,27,1,2025,6,26,-3.216245299353273e-16,-1.0,175831.32,180541.97,192598.07,202588.63,185527.15,178186.64500000002,187889.9975,186689.80375,27,6512.271111111111,1,32.0,5641.9365625,-4710.649999999994,-2.6091717067228157,167510.53
2025-07-05,167510.53,6700.4212,25,0,2025,7,27,-0.12053668025532283,-0.992708874098054,167510.53,175831.32,180541.97,192598.07,202588.63,171670.925,179120.47250000003,184900.64875000002,25,6700.4212,0,27.0,6512.271111111111,-8320.790000000008,-4.732257029066271,175458.35
2025-07-12,175458.35,5160.539705882353,34,0,2025,7,28,-0.23931566428755743,-0.9709418174260521,175458.35,167510.53,175831.32,180541.97,192598.07,171484.44,174835.5425,184780.22125,34,5160.539705882353,0,25.0,6700.4212,7947.820000000007,4.744668887382785,170948.21
2025-07-19,170948.21,4884.234571428571,35,0,2025,7,29,-0.3546048870425356,-0.9350162426854148,170948.21,175458.35,167510.53,175831.32,180541.97,173203.28,172437.1025,181375.52875,35,4884.234571428571,0,34.0,5160.539705882353,-4510.140000000014,-2.570490375636163,167140.1
2025-07-26,167140.1,5571.336666666667,30,0,2025,7,30,-0.46472317204376806,-0.8854560256532101,167140.1,170948.21,175458.35,167510.53,175831.32,169044.155,170264.2975,179077.1475,30,5571.336666666667,0,35.0,4884.234571428571,-3808.109999999986,-2.2276395874516535,166800.51
2025-08-02,166800.51,6415.404230769231,26,0,2025,8,31,-0.5680647467311556,-0.8229838658936566,166800.51,167140.1,170948.21,175458.35,167510.53,166970.305,170086.7925,174603.6325,26,6415.404230769231,0,30.0,5571.336666666667,-339.5899999999965,-0.2031768558233461,165474.07
2025-08-09,165474.07,6894.752916666667,24,1,2025,8,32,-0.663122658240795,-0.7485107481711013,165474.07,166800.51,167140.1,170948.21,175458.35,166137.29,167590.7225,171213.1325,24,6894.752916666667,1,26.0,6415.404230769231,-1326.4400000000023,-0.7952253863012783,166936.49
2025-08-16,166936.49,5058.681515151515,33,1,2025,8,33,-0.7485107481711011,-0.6631226582407952,166936.49,165474.07,166800.51,167140.1,170948.21,166205.28,166587.7925,169512.4475,33,5058.681515151515,1,24.0,6894.752916666667,1462.4199999999837,0.8837759293646332,169534.08
2025-08-23,169534.08,5297.94,32,2,2025,8,34,-0.8229838658936564,-0.5680647467311559,169534.08,166936.49,165474.07,166800.51,167140.1,168235.28499999997,167186.2875,168725.29249999998,32,5297.94,2,33.0,5058.681515151515,2597.5899999999965,1.5560348729028606,160591.1
2025-08-30,160591.1,6423.644,25,0,2025,8,35,-0.8854560256532096,-0.4647231720437691,160591.1,169534.08,166936.49,165474.07,166800.51,165062.59,165633.935,167860.36375,25,6423.644,0,32.0,5297.94,-8942.979999999981,-5.27503378671709,159806.28
2025-09-06,159806.28,4993.94625,32,0,2025,9,36,-0.9350162426854147,-0.3546048870425359,159806.28,160591.1,169534.08,166936.49,165474.07,160198.69,164216.9875,165903.855,32,4993.94625,0,25.0,6423.644,-784.820000000007,-0.48870703295513074,165259.22
2025-09-13,165259.22,6120.711851851852,27,1,2025,9,37,-0.970941817426052,-0.23931566428755774,165259.22,159806.28,160591.1,169534.08,166936.49,162532.75,163797.66999999998,165192.73124999998,27,6120.711851851852,1,32.0,4993.94625,5452.940000000002,3.4122188439653325,168615.37
2025-09-20,168615.37,6485.206538461538,26,0,2025,9,38,-0.992708874098054,-0.12053668025532357,168615.37,165259.22,159806.28,160591.1,169534.08,166937.29499999998,163567.9925,165377.14,26,6485.206538461538,0,27.0,6120.711851851852,3356.149999999994,2.0308397921761907,162355.63
2025-09-27,162355.63,5798.415357142857,28,1,2025,9,39,-1.0,-1.8369701987210297e-16,162355.63,168615.37,165259.22,159806.28,160591.1,165485.5,164009.125,164821.53,28,5798.415357142857,1,26.0,6485.206538461538,-6259.739999999991,-3.71243736558535,156301.95
2025-10-04,156301.95,5788.961111111112,27,1,2025,10,40,-0.992708874098054,0.1205366802553232,156301.95,162355.63,168615.37,165259.22,159806.28,159328.79,163133.0425,163675.01499999998,27,5788.961111111112,1,28.0,5798.415357142857,-6053.679999999993,-3.7286541895713703,163465.22
2025-10-11,163465.22,5838.043571428571,28,1,2025,10,41,-0.9709418174260521,0.23931566428755738,163465.22,156301.95,162355.63,168615.37,165259.22,159883.58500000002,162684.5425,163241.10625,28,5838.043571428571,1,27.0,5788.961111111112,7163.2699999999895,4.582969054448769,165652.04
2025-10-18,165652.04,6135.260740740741,27,0,2025,10,42,-0.9350162426854148,0.35460488704253557,165652.04,163465.22,156301.95,162355.63,168615.37,164558.63,161943.71000000002,162755.85124999998,27,6135.260740740741,0,28.0,5838.043571428571,2186.820000000007,1.3377891639579398,165074.41
2025-10-25,165074.41,5502.480333333334,30,1,2025,10,43,-0.8854560256532101,0.464723172043768,165074.41,165652.04,163465.22,156301.95,162355.63,165363.225,162623.40500000003,163316.265,30,5502.480333333334,1,27.0,6135.260740740741,-577.6300000000047,-0.34870080682375215,163707.29
2025-11-01,163707.29,5645.078965517242,29,0,2025,11,44,-0.822983865893657,0.5680647467311548,163707.29,165074.41,165652.04,163465.22,156301.95,164390.85,164474.74,163803.89125000002,29,5645.078965517242,0,30.0,5502.480333333334,-1367.1199999999953,-0.8281840898295473,165054.71
2025-11-08,165054.71,7176.2917391304345,23,1,2025,11,45,-0.7485107481711011,0.6631226582407952,165054.71,163707.29,165074.41,165652.04,163465.22,164381.0,164872.1125,163778.3275,23,7176.2917391304345,1,29.0,5645.078965517242,1347.4199999999837,0.8230665842675569,166636.51
2025-11-15,166636.51,5951.3039285714285,28,0,2025,11,46,-0.6631226582407955,0.7485107481711007,166636.51,165054.71,163707.29,165074.41,165652.04,165845.61,165118.22999999998,163530.97,28,5951.3039285714285,0,23.0,7176.2917391304345,1581.8000000000175,0.9583489014036726,165956.94
2025-11-22,165956.94,4881.086470588235,34,2,2025,11,47,-0.5680647467311559,0.8229838658936564,165956.94,166636.51,165054.71,163707.29,165074.41,166296.725,165338.8625,163981.13375,34,4881.086470588235,2,28.0,5951.3039285714285,-679.570000000007,-0.407815790189081,160910.47
2025-11-29,160910.47,6704.602916666667,24,0,2025,11,48,-0.4647231720437684,0.88545602565321,160910.47,165956.94,166636.51,165054.71,163707.29,163433.70500000002,164639.6575,164557.19875,24,6704.602916666667,0,34.0,4881.086470588235,-5046.470000000001,-3.0408309528965773,165408.1
2025-12-06,165408.1,5907.432142857143,28,0,2025,12,49,-0.35460488704253595,0.9350162426854147,165408.1,160910.47,165956.94,166636.51,165054.71,163159.285,164728.005,164800.05875000003,28,5907.432142857143,0,24.0,6704.602916666667,4497.630000000005,2.7951133322772623,179198.34
2025-12-13,179198.34,7167.9336,25,0,2025,12,50,-0.2393156642875578,0.970941817426052,179198.34,165408.1,160910.47,165956.94,166636.51,172303.22,167868.4625,166493.34625,25,7167.9336,0,28.0,5907.432142857143,13790.23999999999,8.33710078285162,180483.58000000002
2025-12-20,180483.58000000002,6445.842142857144,28,1,2025,12,51,-0.12053668025532363,0.992708874098054,180483.58000000002,179198.34,165408.1,160910.47,165956.94,179840.96000000002,171500.1225,168419.4925,28,6445.842142857144,1,25.0,7167.9336,1285.2400000000198,0.7172164652864641,185785.65
2025-12-27,185785.65,5464.283823529411,34,0,2025,12,52,6.432490598706546e-16,1.0,185785.65,180483.58000000002,179198.34,165408.1,160910.47,183134.615,177718.9175,171179.28749999998,34,5464.283823529411,0,28.0,6445.842142857144,5302.069999999978,2.9377021444277522,182245.94
2026-01-03,182245.94,5695.185625,32,2,2026,1,1,0.12053668025532305,0.992708874098054,182245.94,185785.65,180483.58000000002,179198.34,165408.1,184015.79499999998,181928.3775,173328.19125,32,5695.185625,2,34.0,5464.283823529411,-3539.709999999992,-1.9052655573775434,183778.89
2026-01-10,183778.89,6125.963000000001,30,1,2026,1,2,0.23931566428755774,0.970941817426052,183778.89,182245.94,185785.65,180483.58000000002,179198.34,183012.415,183073.515,175470.98875,30,6125.963000000001,1,32.0,5695.185625,1532.9500000000116,0.8411435667647859,183784.45
2026-01-17,183784.45,7657.685416666667,24,0,2026,1,3,0.3546048870425356,0.9350162426854148,183784.45,183778.89,182245.94,185785.65,180483.58000000002,183781.67,183898.7325,177699.4275,24,7657.685416666667,0,30.0,6125.963000000001,5.559999999997672,0.0030253746771447317,174663.36
2026-01-24,174663.36,6986.5344,25,0,2026,1,4,0.4647231720437685,0.8854560256532099,174663.36,183784.45,183778.89,182245.94,185785.65,179223.905,181118.16,179418.53875,25,6986.5344,0,24.0,7657.685416666667,-9121.090000000026,-4.962928038797638,172774.13
2026-01-31,172774.13,5759.1376666666665,30,0,2026,1,5,0.5680647467311558,0.8229838658936564,172774.13,174663.36,183784.45,183778.89,182245.94,173718.745,178750.2075,180339.29249999998,30,5759.1376666666665,0,25.0,6986.5344,-1889.2299999999814,-1.0816407058698412,177609.87
2026-02-07,177609.87,6578.143333333333,27,0,2026,2,6,0.6631226582407952,0.7485107481711011,177609.87,172774.13,174663.36,183784.45,183778.89,175192.0,177207.95249999998,180140.73375,27,6578.143333333333,0,30.0,5759.1376666666665,4835.739999999991,2.7988796702376626,180108.22
2026-02-14,180108.22,5457.824848484848,33,0,2026,2,7,0.7485107481711011,0.6631226582407953,180108.22,177609.87,172774.13,174663.36,183784.45,178859.04499999998,176288.895,180093.81375,33,5457.824848484848,0,27.0,6578.143333333333,2498.350000000006,1.4066504299564015,183623.7
2026-02-21,183623.7,6120.79,30,1,2026,2,8,0.8229838658936564,0.5680647467311559,183623.7,180108.22,177609.87,172774.13,174663.36,181865.96000000002,178528.98,179823.56999999998,30,6120.79,1,33.0,5457.824848484848,3515.4800000000105,1.9518709362626594,177380.46
2026-02-28,177380.46,6569.6466666666665,27,1,2026,2,9,0.8854560256532099,0.4647231720437686,177380.46,183623.7,180108.22,177609.87,172774.13,180502.08000000002,179680.5625,179215.385,27,6569.6466666666665,1,30.0,6120.79,-6243.24000000002,-3.400018625046777,176902.76
2026-03-07,176902.76,5706.540645161291,31,1,2026,3,10,0.9350162426854148,0.35460488704253557,176902.76,177380.46,183623.7,180108.22,177609.87,177141.61,179503.785,178355.86875000002,31,5706.540645161291,1,27.0,6569.6466666666665,-477.69999999998254,-0.26930813010631643,173521.67
2026-03-14,173521.67,6673.910384615385,26,1,2026,3,11,0.970941817426052,0.23931566428755804,173521.67,176902.76,177380.46,183623.7,180108.22,175212.21500000003,177857.14750000002,177073.02125,26,6673.910384615385,1,31.0,5706.540645161291,-3381.0899999999965,-1.9112703498803503,169166.55
2026-03-21,169166.55,5833.329310344827,29,0,2026,3,12,0.992708874098054,0.120536680255323,169166.55,173521.67,176902.76,177380.46,183623.7,171344.11,174242.86,176385.92,29,5833.329310344827,0,26.0,6673.910384615385,-4355.120000000024,-2.509842142482852,167154.26
2026-03-28,167154.26,5392.072903225807,31,1,2026,3,13,1.0,-1.6081226496766366e-16,167154.26,169166.55,173521.67,176902.76,177380.46,168160.405,171686.31,175683.43625,31,5392.072903225807,1,29.0,5833.329310344827,-2012.289999999979,-1.1895318548495428,167035.16999999998
2026-04-04,167035.16999999998,5965.541785714285,28,0,2026,4,14,0.992708874098054,-0.12053668025532288,167035.16999999998,167154.26,169166.55,173521.67,176902.76,167094.715,169219.4125,174361.59875,28,5965.541785714285,0,31.0,5392.072903225807,-119.09000000002561,-0.07124556681955076,179827.27
2026-04-11,179827.27,5994.242333333333,30,0,2026,4,15,0.9709418174260521,-0.2393156642875575,179827.27,167035.16999999998,167154.26,169166.55,173521.67,173431.21999999997,170795.8125,174326.48,30,5994.242333333333,0,28.0,5965.541785714285,12792.100000000006,7.658327285205868,188524.22
2026-04-18,188524.22,7250.931538461538,26,0,2026,4,16,0.9350162426854148,-0.35460488704253545,188524.22,179827.27,167035.16999999998,167154.26,169166.55,184175.745,175635.23,174939.045,26,7250.931538461538,0,30.0,5994.242333333333,8696.950000000012,4.83627983675669,189548.37
2026-04-25,189548.37,7020.3099999999995,27,0,2026,4,17,0.8854560256532099,-0.4647231720437685,189548.37,188524.22,179827.27,167035.16999999998,167154.26,189036.29499999998,181233.7575,176460.03374999997,27,7020.3099999999995,0,26.0,7250.931538461538,1024.1499999999942,0.5432458492601079,194267.35
2026-05-02,194267.35,6475.578333333334,30,1,2026,5,18,0.8229838658936565,-0.5680647467311557,194267.35,189548.37,188524.22,179827.27,167035.16999999998,191907.86,188041.8025,178630.60749999998,30,6475.578333333334,1,27.0,7020.3099999999995,4718.9800000000105,2.489591443070711,191257.78
2026-05-09,191257.78,5625.228823529412,34,1,2026,5,19,0.7485107481711013,-0.663122658240795,191257.78,194267.35,189548.37,188524.22,179827.27,192762.565,190899.43,180847.62125,34,5625.228823529412,1,30.0,6475.578333333334,-3009.570000000007,-1.5491898149637635,197627.7
2026-05-16,197627.7,6375.087096774194,31,1,2026,5,20,0.6631226582407952,-0.7485107481711012,197627.7,191257.78,194267.35,189548.37,188524.22,194442.74,193175.3,184405.26499999998,31,6375.087096774194,1,34.0,5625.228823529412,6369.920000000013,3.3305416386198843,192430.2
2026-05-23,192430.2,7697.2080000000005,25,0,2026,5,21,0.5680647467311558,-0.8229838658936564,192430.2,197627.7,191257.78,194267.35,189548.37,195028.95,193895.7575,187564.75749999998,25,7697.2080000000005,0,31.0,6375.087096774194,-5197.5,-2.62994509372927,181691.05
2026-05-30,181691.05,6265.208620689655,29,0,2026,5,22,0.46472317204376906,-0.8854560256532096,181691.05,192430.2,197627.7,191257.78,194267.35,187060.625,190751.6825,189396.7425,29,6265.208620689655,0,25.0,7697.2080000000005,-10739.150000000023,-5.580802805380872,173019.0
2026-06-06,173019.0,5966.172413793103,29,0,2026,6,23,0.35460488704253584,-0.9350162426854147,173019.0,181691.05,192430.2,197627.7,191257.78,177355.025,186191.9875,188545.70875,29,5966.172413793103,0,29.0,6265.208620689655,-8672.049999999988,-4.772964876365671,178040.84
2026-06-13,178040.84,6358.601428571428,28,1,2026,6,24,0.23931566428755768,-0.970941817426052,178040.84,173019.0,181691.05,192430.2,197627.7,175529.91999999998,181295.27250000002,187235.28625,28,6358.601428571428,1,29.0,5966.172413793103,5021.8399999999965,2.9024789185002784,176724.74
2026-06-20,176724.74,5049.278285714286,35,2,2026,6,25,0.12053668025532308,-0.992708874098054,176724.74,178040.84,173019.0,181691.05,192430.2,177382.78999999998,177368.90749999997,185632.33250000002,35,5049.278285714286,2,28.0,6358.601428571428,-1316.1000000000058,-0.7392124189034414,176864.85
2026-06-27,176864.85,4912.9125,36,1,2026,6,26,-3.216245299353273e-16,-1.0,176864.85,176724.74,178040.84,173019.0,181691.05,176794.79499999998,176162.3575,183457.02,36,4912.9125,1,35.0,5049.278285714286,140.11000000001513,0.07928148599908261,174825.33
2026-07-04,174825.33,6028.4596551724135,29,0,2026,7,27,-0.12053668025532283,-0.992708874098054,174825.33,176864.85,176724.74,178040.84,173019.0,175845.09,176613.94,181402.96375,29,6028.4596551724135,0,36.0,4912.9125,-2039.5200000000186,-1.1531516861603754,177435.19
2026-07-11,177435.19,5723.715806451613,31,2,2026,7,28,-0.23931566428755743,-0.9709418174260521,177435.19,174825.33,176864.85,176724.74,178040.84,176130.26,176462.52749999997,178878.9,31,5723.715806451613,2,29.0,6028.4596551724135,2609.860000000015,1.492838594956472,174065.14
2026-07-18,174065.14,7568.049565217392,23,1,2026,7,29,-0.3546048870425356,-0.9350162426854148,174065.14,177435.19,174825.33,176864.85,176724.74,175750.165,175797.6275,176583.26750000002,23,7568.049565217392,1,31.0,5723.715806451613,-3370.0499999999884,-1.899313208388927,167157.52
2026-07-25,167157.52,5065.379393939394,33,0,2026,7,30,-0.46472317204376806,-0.8854560256532101,167157.52,174065.14,177435.19,174825.33,176864.85,170611.33000000002,173370.79499999998,174766.57625,33,5065.379393939394,0,23.0,7568.049565217392,-6907.620000000024,-3.9684109063997672,164424.05000000002
