transaction_id,amount,category,merchant,payment_method,location,is_fraud,year,month,day
1,18434,4,6,2,2,0,2026,5,22
2,16484,1,12,0,1,0,2026,2,6
3,15511,0,9,2,0,0,2026,1,2
4,19729,0,5,2,4,1,2026,5,28
5,33675,4,0,1,2,0,2026,4,15
6,6942,3,13,1,2,0,2026,5,14
7,39604,4,17,2,3,0,2026,3,8
8,20342,3,13,1,2,0,2026,5,21
9,2575,0,20,2,2,0,2026,1,14
10,57430,4,17,2,3,1,2026,5,25
11,6992,2,2,2,3,0,2026,6,29
12,7772,2,2,0,3,0,2026,4,1
13,16733,3,13,1,3,0,2026,2,7
14,36715,4,0,0,4,0,2026,1,16
15,7127,3,8,1,2,0,2026,5,19
16,13402,1,12,2,3,0,2026,6,11
17,12805,1,3,1,4,0,2026,6,10
18,25247,3,8,2,0,0,2026,1,17
19,47523,4,17,1,0,0,2026,4,29
20,14040,1,12,2,2,0,2026,1,23
21,22744,0,9,0,0,0,2026,3,7
22,14580,1,7,0,4,0,2026,6,26
23,16953,4,6,2,3,0,2026,4,28
24,8217,4,6,1,1,0,2026,2,19
25,7293,0,9,2,2,0,2026,2,22
26,11583,3,13,2,0,0,2026,1,5
27,20412,3,8,2,4,0,2026,6,26
28,7720,5,19,2,2,0,2026,4,26
29,12055,0,5,2,2,0,2026,3,20
30,12340,0,9,0,2,0,2026,4,3
31,36324,3,13,2,0,0,2026,4,29
32,1427,2,16,2,0,0,2026,6,12
33,8913,3,11,0,3,0,2026,2,22
34,34621,4,6,2,4,1,2026,2,1
35,3937,1,3,0,2,0,2026,6,6
36,36431,3,13,2,1,0,2026,2,28
37,4688,5,18,1,4,0,2026,6,27
38,10689,3,8,0,4,0,2026,3,18
39,21593,3,11,1,4,0,2026,6,27
40,19405,0,9,0,1,0,2026,1,7
41,14156,3,11,1,3,0,2026,5,22
42,6333,2,10,1,1,0,2026,3,14
43,5860,0,20,2,0,0,2026,6,27
44,10741,0,5,2,2,0,2026,3,7
45,17852,1,3,2,4,0,2026,3,25
46,5269,5,19,2,1,0,2026,2,7
47,1762,2,16,1,2,0,2026,2,15
48,1360,1,12,2,0,0,2026,5,11
49,4335,0,9,0,2,0,2026,5,15
50,30786,3,13,0,0,0,2026,3,15
51,6335,5,14,2,4,0,2026,2,12
52,6982,2,2,2,4,0,2026,1,2
53,6936,5,18,2,4,0,2026,2,22
54,3480,2,2,2,2,0,2026,1,23
55,29508,3,8,1,0,0,2026,4,29
56,32870,4,4,0,0,0,2026,4,24
57,543,2,16,1,3,1,2026,4,6
58,20728,4,4,0,1,0,2026,3,28
59,16937,0,20,0,3,0,2026,6,25
60,42813,4,4,1,2,0,2026,2,25
61,34205,3,13,0,4,0,2026,4,16
62,6796,5,1,0,3,0,2026,1,5
63,9309,1,12,2,0,0,2026,6,27
64,12941,0,9,2,0,0,2026,5,31
65,36473,3,11,1,4,0,2026,2,2
66,32315,3,8,1,2,0,2026,6,27
67,1901,1,7,1,4,0,2026,4,4
68,8250,1,12,1,0,0,2026,5,9
69,24990,3,13,0,4,0,2026,2,15
70,6543,5,19,2,1,0,2026,5,15
71,4196,2,2,0,4,0,2026,5,2
72,9566,3,8,0,0,0,2026,1,29
73,2753,1,3,2,1,0,2026,4,1
74,5286,0,20,0,0,0,2026,5,14
75,7726,5,19,2,1,1,2026,2,23
76,10846,4,17,1,0,0,2026,4,14
77,16036,3,11,2,1,0,2026,5,28
78,13481,1,3,1,2,0,2026,6,8
79,6032,2,15,2,0,0,2026,4,16
80,15652,4,6,1,2,0,2026,3,21
81,11797,1,3,2,4,0,2026,1,26
82,5011,5,19,2,1,0,2026,1,8
83,2670,5,1,0,4,0,2026,5,13
84,3765,1,12,1,1,0,2026,1,29
85,2464,5,14,0,0,0,2026,3,28
86,6662,2,15,0,3,0,2026,3,16
87,4972,5,1,1,1,0,2026,6,12
88,7974,1,7,2,0,0,2026,3,28
89,11809,4,4,2,0,0,2026,2,23
90,1742,2,10,2,2,0,2026,1,20
91,9414,0,20,2,4,0,2026,2,5
92,3136,1,12,2,0,0,2026,4,27
93,1122,5,14,2,3,0,2026,5,1
94,9926,0,20,2,0,0,2026,6,8
95,9921,3,8,2,0,0,2026,2,24
96,5253,2,16,2,3,0,2026,5,22
97,3646,2,2,1,0,0,2026,5,29
98,841,5,1,0,1,0,2026,1,19
99,6686,4,6,2,1,0,2026,6,3
100,4541,0,5,0,3,0,2026,3,22
101,3080,5,1,2,3,0,2026,2,27
102,19094,4,17,2,3,0,2026,4,27
103,9925,1,3,0,3,0,2026,3,8
104,2161,5,14,1,1,0,2026,2,8
105,7227,5,1,2,3,0,2026,5,16
106,46864,4,6,2,3,0,2026,4,10
107,5669,4,6,1,1,0,2026,3,2
108,6231,2,16,1,2,0,2026,4,30
109,34597,4,4,1,4,0,2026,4,23
110,2066,5,19,0,3,0,2026,1,7
111,6277,1,12,2,3,1,2026,2,20
112,15259,0,5,0,2,0,2026,6,5
113,5448,1,3,2,3,0,2026,5,10
114,17270,4,4,0,3,0,2026,5,17
115,51156,4,4,0,4,0,2026,3,15
116,18681,0,20,0,4,0,2026,6,19
117,6307,2,2,1,4,0,2026,1,19
118,5532,2,16,2,1,0,2026,1,15
119,1797,2,10,0,4,0,2026,4,11
120,41258,4,17,2,0,0,2026,6,4
121,4700,2,16,1,2,0,2026,5,20
122,11034,3,8,0,0,0,2026,5,8
123,3950,5,19,1,3,0,2026,6,9
124,587,2,15,1,0,0,2026,1,2
125,2010,1,12,2,0,0,2026,1,19
126,2799,2,16,1,2,0,2026,4,26
127,6135,0,20,1,3,0,2026,6,6
128,5247,0,20,1,2,0,2026,1,26
129,58254,4,4,0,0,0,2026,5,26
130,6125,2,10,1,1,0,2026,3,24
131,4365,5,1,2,1,0,2026,1,6
132,20221,0,5,2,4,0,2026,3,31
133,10166,3,11,2,2,1,2026,3,1
134,5786,0,20,2,3,0,2026,4,23
135,3286,3,8,1,4,0,2026,3,24
136,3009,5,19,1,1,0,2026,6,4
137,8826,0,20,2,3,0,2026,3,26
138,31684,4,4,2,1,0,2026,3,14
139,1858,2,10,1,3,0,2026,3,17
140,58322,4,0,2,0,0,2026,6,11
141,26122,4,0,1,1,0,2026,4,14
142,6781,2,16,2,0,0,2026,1,12
143,4102,2,2,1,0,0,2026,5,21
144,9793,1,7,0,1,0,2026,4,26
145,17274,3,11,2,4,0,2026,6,13
146,7874,2,10,0,4,0,2026,4,13
147,2560,5,19,0,1,0,2026,3,23
148,5087,0,5,0,3,0,2026,5,13
149,18247,4,0,0,3,0,2026,6,7
150,15050,4,0,1,1,0,2026,4,16
151,7262,5,18,1,4,0,2026,6,13
152,15402,0,20,2,0,0,2026,4,9
153,15235,0,20,0,1,0,2026,4,19
154,11847,1,12,1,2,0,2026,1,27
155,35770,3,11,0,1,0,2026,5,16
156,5710,1,7,0,3,0,2026,2,1
157,7605,5,19,2,4,1,2026,4,8
158,7414,1,7,0,3,0,2026,3,23
159,3531,2,10,1,1,0,2026,5,2
160,12586,0,20,1,0,0,2026,3,6
161,20541,3,11,2,2,0,2026,6,18
162,7763,5,18,0,0,0,2026,3,19
163,13181,0,9,0,3,0,2026,2,17
164,3548,2,16,1,2,0,2026,1,17
165,42825,4,17,0,4,1,2026,5,1
166,12803,1,3,1,0,0,2026,2,1
167,11128,0,9,2,3,0,2026,4,21
168,13957,3,11,1,2,0,2026,4,6
169,5833,2,16,0,4,0,2026,3,6
170,10982,4,0,1,4,0,2026,4,8
171,15345,4,17,0,1,1,2026,1,12
172,33725,4,17,0,2,0,2026,3,19
173,29429,4,6,1,1,0,2026,3,30
174,31055,4,17,1,3,0,2026,1,3
175,21545,0,5,1,2,0,2026,2,20
176,17038,1,7,1,1,0,2026,3,9
177,32537,4,0,1,4,0,2026,1,15
178,1697,2,10,2,1,1,2026,1,7
179,5541,1,3,2,2,0,2026,2,18
180,21701,3,13,0,1,0,2026,4,4
181,30569,3,11,2,2,0,2026,1,12
182,22325,3,11,1,1,0,2026,6,23
183,12619,1,12,2,4,0,2026,1,26
184,12286,4,0,1,3,0,2026,2,23
185,5342,5,19,0,0,0,2026,2,3
186,1179,2,15,1,1,0,2026,2,2
187,3938,2,10,2,3,0,2026,4,29
188,5916,2,15,1,1,0,2026,2,24
189,16342,4,17,1,3,1,2026,4,14
190,2507,1,12,2,2,0,2026,3,4
191,16536,3,11,1,0,0,2026,6,1
192,10968,1,3,1,0,0,2026,3,28
193,3649,1,7,2,3,0,2026,4,5
194,10918,1,7,1,0,0,2026,2,25
195,30492,4,0,1,1,0,2026,2,17
196,4739,5,18,0,2,0,2026,5,31
197,10354,1,12,1,1,0,2026,3,20
198,29539,3,13,2,0,0,2026,4,3
199,2161,2,16,1,1,0,2026,2,19
200,2054,2,15,0,0,0,2026,1,31
201,15647,1,3,2,0,0,2026,2,5
202,16933,0,5,2,0,0,2026,3,25
203,6555,2,10,2,2,0,2026,3,27
204,1973,5,19,2,4,0,2026,2,20
205,16988,1,7,2,1,0,2026,2,17
206,38676,3,11,2,1,0,2026,6,9
207,1015,2,2,0,0,0,2026,2,20
208,5021,5,18,2,2,0,2026,2,23
209,11766,1,7,2,1,0,2026,4,25
210,3254,5,1,0,0,0,2026,5,8
211,4772,2,15,0,1,0,2026,2,19
212,15936,0,20,0,2,0,2026,2,5
213,14266,0,5,1,3,0,2026,6,26
214,5081,5,18,0,1,0,2026,3,8
215,4673,2,2,0,0,0,2026,2,5
216,5487,2,16,1,3,0,2026,5,5
217,28356,3,11,0,3,0,2026,5,22
218,1475,2,16,1,2,0,2026,5,13
219,1021,0,9,2,4,0,2026,1,3
220,10017,3,13,0,3,0,2026,1,6
221,14541,0,9,2,4,0,2026,2,27
222,8032,0,9,1,0,0,2026,3,19
223,7692,5,18,2,0,0,2026,5,3
224,36699,3,8,0,2,0,2026,6,9
225,2338,1,12,1,0,0,2026,2,28
226,2143,0,9,1,2,0,2026,6,25
227,23652,0,9,0,0,0,2026,4,29
228,46447,4,17,0,3,0,2026,2,26
229,4826,1,12,0,2,0,2026,2,12
230,5896,2,15,1,0,0,2026,5,2
231,17932,4,17,1,3,0,2026,1,25
232,17063,0,5,2,1,1,2026,6,13
233,5314,5,19,2,0,0,2026,6,7
234,6109,0,9,2,0,0,2026,1,21
235,5256,3,13,0,2,0,2026,4,26
236,1353,5,19,0,3,0,2026,3,30
237,5701,0,20,0,4,0,2026,2,21
238,55337,4,17,0,0,0,2026,5,30
239,11821,0,9,1,3,0,2026,6,16
240,6802,2,15,1,1,0,2026,5,31
241,6536,2,15,0,2,0,2026,5,9
242,10358,0,9,1,3,0,2026,6,27
243,6289,1,3,2,0,0,2026,1,27
244,7236,5,1,1,1,1,2026,6,13
245,49011,4,17,0,2,0,2026,1,16
246,1498,2,16,1,3,0,2026,6,8
247,52205,4,6,2,2,0,2026,1,25
248,18263,0,5,2,1,0,2026,5,25
249,16640,0,5,0,0,0,2026,3,7
250,37294,3,13,0,1,0,2026,5,7
251,6031,2,2,2,0,0,2026,6,25
252,5264,2,10,0,3,0,2026,2,8
253,5352,5,14,1,2,0,2026,2,9
254,5643,5,18,1,0,0,2026,5,24
255,7088,5,19,0,4,0,2026,4,4
256,7377,2,2,1,2,0,2026,1,3
257,1040,5,14,0,0,0,2026,2,11
258,52577,4,4,1,3,0,2026,5,22
259,56239,4,0,2,3,0,2026,3,30
260,22122,4,6,1,2,0,2026,3,5
261,14593,1,3,2,3,0,2026,4,28
262,908,5,19,1,3,0,2026,3,20
263,34331,3,13,0,3,1,2026,2,2
264,4372,2,16,0,1,0,2026,6,15
265,20974,0,20,1,2,0,2026,6,12
266,2453,2,16,0,4,0,2026,1,28
267,13662,1,7,2,3,0,2026,5,11
268,3614,1,3,1,2,0,2026,1,14
269,2036,2,15,0,4,0,2026,6,1
270,11004,0,9,0,2,0,2026,4,22
271,7922,5,14,0,0,0,2026,2,21
272,7066,5,1,1,3,0,2026,3,20
273,4684,5,1,1,1,0,2026,4,29
274,16397,0,20,0,0,0,2026,1,29
275,8759,1,12,2,0,0,2026,3,13
276,28125,3,11,2,3,0,2026,4,28
277,1046,1,12,0,1,0,2026,2,7
278,11004,1,3,1,0,0,2026,2,12
279,16477,1,7,0,4,0,2026,2,24
280,2200,2,2,2,4,0,2026,2,9
281,27885,4,6,2,3,0,2026,1,27
282,9964,4,17,1,4,0,2026,5,23
283,4963,2,15,2,4,0,2026,4,24
284,10905,3,13,0,1,0,2026,5,14
285,50763,4,17,1,0,0,2026,5,9
286,5252,5,18,0,4,0,2026,6,27
287,470,5,18,0,4,0,2026,3,21
288,28593,3,11,2,1,0,2026,3,24
289,4817,2,15,1,2,0,2026,6,24
290,4021,2,10,0,1,0,2026,4,28
291,24370,0,9,2,1,0,2026,3,24
292,20439,0,20,0,3,0,2026,1,12
293,16254,4,17,0,4,0,2026,4,7
294,6068,5,18,1,2,0,2026,5,8
295,5638,1,3,2,3,0,2026,4,30
296,13017,0,9,0,3,0,2026,6,19
297,18671,3,11,1,4,0,2026,1,28
298,5614,0,9,2,0,0,2026,3,28
299,18818,1,3,2,4,0,2026,4,11
300,3953,2,15,0,3,1,2026,4,24
301,49342,4,17,1,1,1,2026,5,11
302,19969,4,4,2,0,1,2026,1,31
303,3171,5,14,0,2,0,2026,3,7
304,13448,0,9,0,4,0,2026,1,30
305,4218,1,7,2,4,0,2026,4,27
306,20949,0,5,1,1,1,2026,1,28
307,2030,5,18,2,2,0,2026,6,15
308,35391,4,6,1,1,0,2026,2,3
309,5725,1,3,2,4,0,2026,6,14
310,6630,2,2,1,2,0,2026,3,22
311,19603,1,3,1,1,0,2026,2,14
312,6155,2,10,0,4,0,2026,3,21
313,2181,5,14,2,1,0,2026,4,27
314,9404,1,7,2,0,0,2026,5,29
315,2029,0,5,0,2,0,2026,5,24
316,51044,4,0,0,3,0,2026,6,29
317,6065,5,1,2,4,0,2026,3,30
318,15600,3,8,0,1,0,2026,5,13
319,2619,1,7,1,1,0,2026,5,12
320,1391,2,2,2,0,0,2026,4,23
321,662,5,1,0,1,0,2026,1,21
322,11815,0,5,1,4,0,2026,1,14
323,4325,5,1,0,0,0,2026,1,17
324,1446,2,2,1,1,0,2026,2,22
325,2554,0,20,2,1,0,2026,2,13
326,25965,3,13,2,3,0,2026,6,1
327,39731,4,17,1,4,0,2026,5,11
328,818,2,15,0,0,0,2026,1,28
329,5973,5,1,1,1,0,2026,1,20
330,4781,1,3,2,1,0,2026,6,4
331,30356,3,11,0,1,0,2026,3,13
332,12343,0,5,0,1,0,2026,3,15
333,16677,1,3,1,3,0,2026,5,29
334,2982,2,10,0,4,0,2026,3,30
335,25011,3,13,2,1,0,2026,5,18
336,5473,1,7,2,3,0,2026,3,5
337,3209,5,14,0,0,0,2026,3,10
338,8328,1,12,0,1,0,2026,5,26
339,5373,5,14,2,1,0,2026,1,8
340,11312,3,8,1,1,0,2026,3,2
341,25141,3,8,0,4,0,2026,5,10
342,2000,2,15,1,4,0,2026,3,7
343,28866,4,0,2,2,0,2026,5,16
344,8143,1,12,1,4,0,2026,4,16
345,36170,4,6,1,0,0,2026,2,10
346,21966,3,8,1,4,0,2026,4,12
347,3974,3,13,1,4,0,2026,2,7
348,17788,3,11,2,1,0,2026,1,28
349,1872,0,9,2,4,0,2026,1,14
350,10188,3,8,1,2,0,2026,1,27
351,3988,2,2,2,0,0,2026,3,5
352,32253,4,0,2,0,0,2026,3,19
353,2296,1,7,2,3,0,2026,5,11
354,4949,3,13,0,1,0,2026,2,24
355,5391,5,14,0,4,0,2026,5,1
356,2423,5,19,2,0,0,2026,2,25
357,2391,0,9,0,4,0,2026,3,15
358,17013,0,5,0,4,0,2026,4,19
359,24868,0,5,1,3,0,2026,5,16
360,1498,5,18,0,0,0,2026,1,15
361,7232,5,19,0,4,0,2026,1,15
362,42647,4,6,0,3,0,2026,3,28
363,21008,0,5,0,4,0,2026,6,4
364,7806,1,7,1,1,0,2026,2,5
365,15740,3,13,2,0,0,2026,6,25
366,16146,3,11,0,4,0,2026,2,22
367,7432,2,16,0,1,0,2026,2,4
368,6592,5,18,2,1,0,2026,5,7
369,7668,5,18,2,0,0,2026,5,2
370,3659,5,1,0,0,0,2026,5,13
371,19392,4,4,0,1,0,2026,3,2
372,52747,4,4,0,0,0,2026,2,9
373,21441,4,4,2,4,0,2026,1,1
374,7155,3,8,2,4,0,2026,3,10
375,14498,1,3,1,2,0,2026,5,14
376,20717,0,20,2,0,0,2026,5,20
377,7437,5,19,1,2,0,2026,3,17
378,18352,4,4,2,0,0,2026,4,10
379,7171,2,15,2,4,0,2026,6,6
380,5437,2,10,1,0,0,2026,5,7
381,2460,5,14,2,4,0,2026,5,3
382,19321,1,7,0,2,1,2026,1,21
383,2297,5,1,0,1,0,2026,1,12
384,58600,4,0,0,4,0,2026,5,6
385,6708,2,2,2,3,0,2026,3,16
386,7951,5,1,2,4,0,2026,6,13
387,7757,5,18,2,4,1,2026,4,18
388,47818,4,4,2,0,1,2026,5,21
389,7845,5,18,1,1,0,2026,5,25
390,13717,1,7,2,2,0,2026,5,19
391,3999,5,14,0,2,0,2026,3,23
392,1307,2,15,2,3,0,2026,4,13
393,4477,5,18,1,3,0,2026,3,25
394,510,2,15,2,4,0,2026,4,22
395,2950,5,19,0,3,0,2026,2,22
396,6369,2,2,0,1,0,2026,5,19
397,14520,0,9,0,3,0,2026,1,28
398,8492,4,6,0,4,0,2026,5,2
399,3726,2,16,2,4,0,2026,6,5
400,23476,3,8,0,0,0,2026,5,22
401,1484,5,14,1,1,0,2026,5,25
402,6507,1,12,0,3,0,2026,3,26
403,4431,2,16,1,0,0,2026,1,28
404,5749,5,19,2,2,0,2026,1,19
405,10883,4,0,0,0,0,2026,3,28
406,11407,4,0,2,2,0,2026,1,31
407,31136,3,11,1,1,0,2026,2,6
408,552,5,19,2,2,0,2026,1,15
409,3593,2,16,2,1,0,2026,6,28
410,6277,5,18,0,1,0,2026,6,26
411,19074,0,5,0,4,0,2026,1,6
412,41661,4,4,2,1,0,2026,3,13
413,16945,3,11,2,0,0,2026,1,12
414,20682,3,8,1,3,0,2026,3,29
415,7552,2,2,0,2,0,2026,4,9
416,1517,5,1,0,3,0,2026,4,13
417,30475,3,8,1,1,0,2026,1,9
418,3113,5,1,0,4,0,2026,3,13
419,2756,0,20,1,1,0,2026,4,24
420,1942,5,1,2,4,0,2026,4,2
421,33128,3,13,1,4,0,2026,6,26
422,13366,3,11,1,3,0,2026,4,3
423,1400,5,14,2,0,0,2026,5,19
424,15728,3,13,0,0,0,2026,6,4
425,4638,5,1,2,2,0,2026,6,13
426,16042,0,20,0,3,0,2026,2,6
427,12273,3,13,0,4,0,2026,6,6
428,3399,2,15,0,3,0,2026,1,22
429,2482,2,16,0,3,0,2026,4,18
430,11352,4,6,1,4,0,2026,4,12
431,2915,2,2,0,4,0,2026,6,29
432,9186,1,3,0,2,0,2026,4,29
433,9124,1,12,0,1,0,2026,5,19
434,4523,5,1,2,1,0,2026,1,28
435,6074,5,14,2,3,0,2026,3,11
436,9331,4,4,2,0,0,2026,6,20
437,589,5,1,2,3,0,2026,5,1
438,16209,3,8,2,4,0,2026,4,17
439,56039,4,4,0,2,0,2026,2,8
440,1551,1,3,1,1,1,2026,1,15
441,21114,0,9,1,4,0,2026,5,12
442,19216,4,0,1,4,0,2026,3,4
443,3771,2,15,1,3,0,2026,5,13
444,15206,3,13,2,3,0,2026,2,11
445,14522,0,9,2,4,0,2026,5,8
446,5398,2,16,0,1,0,2026,6,11
447,3267,5,14,2,0,0,2026,4,3
448,2668,5,14,2,3,0,2026,5,23
449,13601,4,6,2,3,0,2026,5,15
450,50803,4,0,2,2,1,2026,6,25
451,15802,1,12,0,2,0,2026,4,20
452,735,2,15,0,2,0,2026,3,15
453,2033,5,14,1,1,0,2026,4,10
454,30894,4,17,1,3,0,2026,4,22
455,11836,4,0,1,3,0,2026,4,8
456,5638,2,10,1,2,0,2026,3,8
457,6301,2,10,0,1,0,2026,1,12
458,19970,1,3,2,2,0,2026,5,26
459,41950,4,17,1,3,1,2026,3,15
460,10555,0,20,0,2,0,2026,1,30
461,2770,1,3,1,1,0,2026,2,27
462,710,2,16,0,3,0,2026,1,30
463,4394,1,12,0,4,0,2026,3,7
464,2337,2,10,1,1,0,2026,1,4
465,56920,4,4,1,2,1,2026,4,24
466,6073,2,10,0,3,0,2026,5,20
467,11373,1,12,0,2,0,2026,5,6
468,3139,5,18,0,0,0,2026,2,14
469,438,5,18,2,0,0,2026,4,18
470,20175,0,5,1,1,0,2026,6,3
471,26947,3,8,2,0,0,2026,4,20
472,5734,2,10,1,1,0,2026,1,4
473,3343,1,12,1,2,0,2026,6,6
474,7387,1,12,2,3,0,2026,1,1
475,15715,1,12,2,3,0,2026,3,25
476,9071,0,9,2,4,0,2026,1,28
477,45276,4,17,2,4,1,2026,5,4
478,33462,4,0,2,3,0,2026,1,12
479,6392,2,2,0,1,0,2026,2,21
480,23075,4,4,2,1,0,2026,5,13
481,2236,5,19,0,3,0,2026,5,13
482,8052,4,6,2,1,0,2026,1,11
483,21098,3,11,2,4,0,2026,1,5
484,7231,1,3,1,4,0,2026,3,16
485,4493,2,15,1,0,0,2026,3,25
486,9724,0,5,1,1,0,2026,3,10
487,655,2,16,0,4,0,2026,5,1
488,16950,1,12,0,3,0,2026,4,2
489,6400,5,19,2,3,0,2026,2,20
490,3382,3,11,2,1,0,2026,5,15
491,21672,4,0,0,0,0,2026,1,3
492,1007,5,14,1,0,0,2026,2,18
493,10378,1,12,2,0,0,2026,4,17
494,2153,5,19,1,2,0,2026,4,29
495,305,5,14,2,0,1,2026,3,3
496,1506,2,15,1,0,0,2026,2,1
497,36862,4,17,1,3,0,2026,6,6
498,1179,2,10,0,4,0,2026,5,15
499,26190,4,4,2,4,0,2026,1,10
500,13764,1,7,1,0,0,2026,3,16
501,7272,5,19,1,2,0,2026,4,14
502,17864,0,20,2,4,0,2026,6,17
503,5076,2,16,2,0,0,2026,4,12
504,4774,3,13,2,0,0,2026,6,15
505,4325,5,19,0,2,0,2026,1,27
506,7017,2,15,2,2,0,2026,2,6
507,3143,5,14,0,3,0,2026,4,12
508,15922,1,3,1,4,0,2026,4,30
509,6055,5,18,2,1,0,2026,1,16
510,4535,5,19,2,3,0,2026,1,23
511,8100,0,5,1,1,0,2026,1,22
512,16773,0,9,0,3,0,2026,5,26
513,38385,4,6,1,3,0,2026,2,1
514,934,2,2,0,4,0,2026,6,25
515,52351,4,6,2,1,1,2026,1,2
516,7672,1,12,1,0,0,2026,3,2
517,2227,0,20,0,3,0,2026,3,18
518,15896,0,5,0,1,0,2026,4,30
519,7990,2,10,0,4,0,2026,6,7
520,6130,3,13,2,1,0,2026,6,11
521,22483,0,20,2,1,0,2026,6,27
522,1774,1,7,0,1,0,2026,4,21
523,17977,3,8,1,3,0,2026,4,15
524,44776,4,6,0,4,0,2026,4,30
525,4390,2,15,1,3,0,2026,1,8
526,5848,2,16,2,1,1,2026,5,12
527,25838,3,8,2,4,0,2026,2,27
528,40816,4,6,1,4,1,2026,5,5
529,35328,4,4,2,3,0,2026,2,28
530,15602,4,6,1,0,0,2026,6,18
531,49382,4,17,2,0,0,2026,2,25
532,46644,4,6,2,3,0,2026,5,24
533,11297,4,6,1,0,0,2026,5,21
534,49091,4,0,0,0,0,2026,3,29
535,6951,1,12,1,0,0,2026,6,28
536,7913,5,1,0,1,0,2026,5,20
537,9229,0,20,0,2,0,2026,4,27
538,2884,2,16,2,2,0,2026,5,24
539,2252,2,2,0,3,0,2026,1,22
540,3421,2,16,2,4,0,2026,6,5
541,44017,4,17,1,2,0,2026,5,8
542,4560,2,15,2,1,0,2026,3,19
543,1027,5,14,0,2,0,2026,1,7
544,1520,2,10,2,3,0,2026,4,28
545,2676,2,10,2,3,0,2026,5,3
546,770,5,14,1,3,0,2026,1,24
547,6873,5,18,2,3,1,2026,1,24
548,38788,3,11,0,3,0,2026,1,18
549,2824,1,12,2,4,0,2026,5,8
550,2452,2,16,1,2,1,2026,4,21
551,12614,1,3,0,0,0,2026,1,30
552,12552,4,17,0,4,0,2026,5,21
553,15984,1,12,1,4,0,2026,3,4
554,5947,2,15,2,1,0,2026,1,19
555,3305,3,13,2,2,0,2026,2,25
556,1616,2,15,1,2,0,2026,1,19
557,4229,5,14,0,2,0,2026,5,18
558,14585,0,20,1,4,0,2026,6,27
559,15064,1,3,2,2,1,2026,3,10
560,9445,0,5,0,3,0,2026,6,26
561,38828,3,11,2,1,0,2026,5,10
562,20824,3,13,1,3,0,2026,3,11
563,1325,5,14,2,3,1,2026,3,9
564,7442,2,2,0,1,0,2026,4,3
565,2552,2,10,2,2,0,2026,1,26
566,352,5,1,1,1,0,2026,3,29
567,29648,4,4,1,0,0,2026,5,28
568,8295,1,3,2,3,0,2026,4,28
569,17549,3,13,0,3,0,2026,6,24
570,8511,1,3,2,2,0,2026,1,31
571,18874,1,12,0,3,0,2026,3,3
572,44686,4,4,1,2,0,2026,3,16
573,26181,3,11,1,3,0,2026,1,25
574,9343,3,13,1,0,0,2026,4,14
575,5750,2,16,1,1,0,2026,6,10
576,11827,1,12,2,2,0,2026,2,4
577,7361,2,2,2,1,0,2026,3,11
578,1896,5,1,1,0,0,2026,2,20
579,22725,4,0,1,0,0,2026,2,7
580,27875,3,8,0,0,0,2026,6,20
581,7036,2,15,1,0,0,2026,3,14
582,44736,4,4,1,2,0,2026,2,14
583,5589,2,2,2,0,0,2026,2,19
584,33255,3,8,1,1,0,2026,5,21
585,1070,1,12,2,4,0,2026,3,30
586,23269,4,4,2,3,0,2026,2,21
587,6982,5,14,2,4,0,2026,1,13
588,15447,1,7,0,4,0,2026,5,25
589,36076,3,8,1,0,0,2026,5,16
590,1623,2,10,2,1,0,2026,1,5
591,37159,3,13,2,1,0,2026,5,31
592,7678,1,12,0,0,0,2026,6,25
593,14181,0,5,1,2,0,2026,4,14
594,24488,3,11,2,4,0,2026,2,20
595,23618,0,9,1,0,0,2026,2,10
596,2427,0,9,1,4,0,2026,6,13
597,6023,1,12,2,3,0,2026,1,16
598,17233,4,6,1,1,1,2026,2,15
599,560,5,14,0,2,0,2026,1,29
600,10450,3,8,0,1,0,2026,2,17
601,57093,4,6,2,3,0,2026,3,1
602,6983,2,16,0,4,0,2026,2,13
603,5793,1,3,1,0,0,2026,2,4
604,4125,5,19,2,2,0,2026,3,29
605,6311,1,12,1,1,0,2026,6,10
606,18640,3,8,1,1,0,2026,4,5
607,22993,3,13,2,0,0,2026,1,29
608,44921,4,17,0,2,1,2026,4,8
609,15308,0,9,2,0,0,2026,6,16
610,15621,0,9,1,1,0,2026,1,9
611,12093,0,5,1,0,0,2026,4,28
612,27789,3,13,1,0,0,2026,5,29
613,16538,0,9,1,4,0,2026,3,3
614,23204,0,20,2,3,0,2026,5,7
615,17118,4,6,1,0,0,2026,5,4
616,6633,2,10,0,4,0,2026,3,30
617,18827,1,7,1,1,0,2026,6,29
618,7552,2,10,2,1,0,2026,2,23
619,19373,3,13,0,3,0,2026,4,3
620,7280,5,18,0,1,0,2026,3,24
621,1939,5,1,2,1,0,2026,6,22
622,4229,2,16,2,3,0,2026,5,11
623,18356,0,20,2,0,0,2026,5,11
624,31276,3,8,2,3,0,2026,5,20
625,1420,1,3,1,0,0,2026,1,9
626,2954,1,3,1,2,0,2026,1,18
627,5737,1,7,2,0,0,2026,5,13
628,7519,5,14,2,2,0,2026,2,14
629,13990,1,12,1,1,0,2026,4,1
630,13747,4,6,1,0,0,2026,5,14
631,7953,5,14,0,0,0,2026,4,9
632,12613,1,7,0,4,0,2026,3,14
633,686,5,19,2,3,0,2026,1,4
634,3684,5,14,2,4,0,2026,5,27
635,36360,3,8,2,3,1,2026,2,12
636,51368,4,0,1,3,0,2026,2,14
637,7789,5,18,1,0,0,2026,6,26
638,1951,5,1,2,4,0,2026,3,27
639,5471,0,20,1,1,0,2026,3,22
640,3405,5,14,2,4,0,2026,2,3
641,33462,3,13,1,4,0,2026,6,28
642,15227,1,3,0,4,0,2026,4,19
643,2410,5,18,0,4,0,2026,4,7
644,6302,1,12,1,1,0,2026,1,23
645,14519,3,11,1,4,0,2026,3,5
646,19023,3,13,0,1,0,2026,6,24
647,18052,3,13,2,2,0,2026,5,8
648,30535,3,11,0,4,0,2026,2,11
649,17944,0,20,2,4,0,2026,1,3
650,1454,2,16,0,1,0,2026,3,15
651,12804,1,12,0,3,0,2026,1,4
652,20245,4,4,2,4,0,2026,1,8
653,4453,0,5,1,3,0,2026,2,19
654,29707,3,11,2,0,0,2026,5,8
655,5951,0,9,0,0,0,2026,2,9
656,7427,2,2,1,4,0,2026,2,28
657,13199,0,9,2,4,0,2026,6,13
658,1896,2,16,0,3,0,2026,3,17
659,12199,3,8,1,1,0,2026,3,15
660,9882,0,20,1,1,0,2026,1,8
661,4096,3,8,1,3,0,2026,4,17
662,42553,4,0,1,4,0,2026,5,8
663,7713,2,2,0,0,0,2026,3,28
664,17238,0,5,1,4,0,2026,5,5
665,4317,1,3,1,4,0,2026,5,6
666,36579,3,11,0,3,0,2026,3,11
667,7077,5,1,1,2,0,2026,2,3
668,6266,5,14,2,4,0,2026,6,21
669,18650,0,9,0,0,0,2026,2,10
670,7254,2,15,1,0,0,2026,4,15
671,35918,3,11,1,1,1,2026,1,24
672,1314,2,15,1,4,0,2026,6,25
673,1241,5,14,1,3,0,2026,2,18
674,36161,4,17,2,4,0,2026,4,28
675,7678,2,15,1,1,0,2026,5,12
676,13934,0,5,0,4,0,2026,2,26
677,44980,4,6,2,2,0,2026,2,10
678,37719,3,11,1,0,0,2026,5,29
679,2456,5,19,0,2,0,2026,2,15
680,7198,5,14,0,1,0,2026,3,13
681,7147,2,2,1,4,0,2026,4,16
682,4397,5,18,0,0,0,2026,3,21
683,5044,5,19,0,0,0,2026,1,22
684,34473,3,13,0,2,0,2026,1,17
685,13887,0,9,1,1,0,2026,5,4
686,6270,1,3,0,4,0,2026,2,16
687,30806,3,13,2,4,0,2026,6,28
688,20409,0,20,2,0,0,2026,2,25
689,3472,2,10,2,3,0,2026,5,8
690,30839,4,17,0,2,0,2026,1,31
691,3538,5,18,1,2,0,2026,5,9
692,22062,3,11,0,0,0,2026,5,22
693,12749,0,20,1,2,0,2026,5,31
694,9839,4,17,1,2,0,2026,5,30
695,4726,5,1,1,4,0,2026,2,5
696,22343,4,6,1,4,0,2026,4,15
697,2603,0,5,0,3,1,2026,1,28
698,17618,0,5,2,1,0,2026,6,8
699,35431,4,17,2,0,1,2026,3,4
700,7411,1,12,0,0,0,2026,2,11
701,8872,0,5,2,0,0,2026,6,10
702,14436,4,17,1,4,0,2026,3,14
703,11083,3,8,0,1,0,2026,5,17
704,34152,3,8,2,2,0,2026,3,20
705,13022,1,7,0,1,0,2026,3,29
706,7870,0,5,0,4,0,2026,5,25
707,7105,5,14,2,0,0,2026,2,12
708,3617,1,3,1,3,0,2026,1,15
709,20757,3,13,1,2,0,2026,2,23
710,7652,2,15,0,4,1,2026,5,28
711,4361,2,10,2,3,0,2026,1,6
712,9981,4,17,0,2,0,2026,1,27
713,757,5,19,1,3,0,2026,2,20
714,3746,2,10,2,4,0,2026,6,3
715,2726,0,20,1,2,0,2026,2,8
716,1970,1,12,2,1,0,2026,6,28
717,47504,4,4,2,4,0,2026,4,29
718,3069,5,18,2,2,0,2026,5,5
719,25485,4,6,1,4,0,2026,6,22
720,27375,3,8,1,4,0,2026,5,15
721,6908,4,6,1,0,0,2026,2,25
722,6675,2,16,0,0,0,2026,6,17
723,52436,4,6,2,0,0,2026,3,30
724,27013,4,6,0,3,0,2026,1,14
725,13218,3,13,2,1,1,2026,4,26
726,8459,0,20,1,2,0,2026,1,14
727,6569,5,19,0,2,0,2026,1,28
728,3086,2,15,2,4,0,2026,3,18
729,2832,5,18,0,4,0,2026,3,4
730,10894,1,3,1,3,0,2026,6,23
731,2371,2,15,2,2,0,2026,2,7
732,6011,0,20,1,4,0,2026,5,31
733,7414,2,15,2,0,0,2026,4,20
734,34461,3,13,2,4,0,2026,6,10
735,6887,1,7,1,1,0,2026,5,5
736,5838,5,14,0,2,0,2026,1,15
737,50454,4,0,1,1,1,2026,3,25
738,4804,2,15,1,4,0,2026,4,30
739,7409,2,10,2,3,0,2026,4,23
740,3299,0,20,1,1,0,2026,6,8
741,2557,5,18,0,0,0,2026,2,13
742,4242,0,9,1,0,0,2026,4,28
743,20534,0,5,1,0,0,2026,1,4
744,39676,3,13,0,1,0,2026,4,1
745,18357,3,13,1,2,0,2026,1,30
746,7541,0,5,2,0,0,2026,5,13
747,35362,4,6,1,1,0,2026,6,26
748,2740,5,18,1,2,0,2026,2,18
749,5480,5,1,0,4,0,2026,6,20
750,28028,3,8,0,3,0,2026,6,11
751,14839,0,9,2,2,0,2026,2,6
752,9385,1,3,0,1,0,2026,5,20
753,6192,5,19,0,1,0,2026,2,3
754,9475,1,7,1,1,0,2026,3,21
755,7802,2,2,0,1,0,2026,5,3
756,33571,4,0,1,2,0,2026,3,16
757,18756,0,5,2,4,0,2026,6,9
758,7650,5,1,0,4,0,2026,5,10
759,3464,5,18,0,3,0,2026,5,20
760,7643,5,18,1,0,0,2026,4,17
761,4559,2,16,0,3,0,2026,3,21
762,1759,2,16,2,2,0,2026,6,10
763,4691,1,12,2,4,0,2026,4,2
764,5037,1,7,0,0,0,2026,1,30
765,7823,4,17,2,0,0,2026,1,2
766,31217,3,8,2,4,0,2026,5,3
767,5258,5,18,2,3,0,2026,3,11
768,22437,3,11,0,4,0,2026,3,24
769,694,2,10,0,0,0,2026,6,2
770,18166,4,17,2,2,0,2026,3,24
771,9989,4,17,0,0,0,2026,4,1
772,6817,2,16,1,2,0,2026,6,7
773,7563,5,14,1,0,1,2026,5,4
774,1628,1,12,2,4,0,2026,2,20
775,18033,0,9,0,3,0,2026,5,28
776,24040,4,4,2,1,0,2026,4,16
777,28024,4,17,1,0,0,2026,1,27
778,5855,2,15,0,4,0,2026,4,15
779,15442,0,5,0,0,0,2026,4,27
780,2778,2,16,1,3,0,2026,2,12
781,13671,1,3,2,3,0,2026,2,7
782,55854,4,0,1,3,1,2026,6,28
783,6823,1,12,1,3,0,2026,5,4
784,18684,3,11,0,4,0,2026,6,24
785,53637,4,0,1,2,0,2026,1,19
786,6274,4,6,1,3,0,2026,4,8
787,18205,3,13,1,1,0,2026,4,27
788,5799,2,15,0,2,0,2026,2,12
789,21915,0,9,2,0,0,2026,2,5
790,34260,4,4,0,2,1,2026,6,26
791,32275,4,6,0,0,1,2026,2,18
792,55460,4,17,0,1,0,2026,4,23
793,12489,1,12,2,3,0,2026,1,5
794,24556,0,5,0,4,0,2026,1,26
795,3633,0,5,0,3,0,2026,1,1
796,57830,4,6,2,4,0,2026,3,15
797,1170,0,9,2,4,0,2026,6,26
798,6703,5,19,1,2,0,2026,5,18
799,6081,2,15,1,0,0,2026,2,5
800,9863,4,4,1,1,0,2026,3,4
801,5179,4,4,0,1,0,2026,3,25
802,7447,2,15,1,2,0,2026,2,23
803,5459,5,14,0,1,0,2026,3,21
804,21669,0,5,2,4,0,2026,5,29
805,6021,0,9,1,1,0,2026,1,12
806,8723,1,7,1,0,0,2026,6,3
807,5562,2,15,0,2,0,2026,4,27
808,4324,5,18,0,0,0,2026,1,17
809,7213,5,18,2,4,0,2026,4,4
810,34437,3,11,1,0,0,2026,6,5
811,12156,1,3,0,1,0,2026,1,8
812,32438,3,13,0,1,0,2026,1,24
813,3607,2,10,2,1,0,2026,6,14
814,3952,5,14,1,3,0,2026,4,30
815,8567,0,5,0,0,0,2026,3,11
816,7557,2,15,0,0,0,2026,4,22
817,4693,2,16,0,0,0,2026,6,6
818,36819,4,0,0,4,0,2026,1,24
819,11846,1,3,2,3,0,2026,6,26
820,5250,5,1,1,4,0,2026,3,23
821,4274,0,9,2,3,0,2026,6,9
822,19004,1,12,2,1,0,2026,2,13
823,4043,2,15,2,4,0,2026,1,17
824,7180,2,2,2,4,0,2026,1,9
825,27164,3,13,2,4,0,2026,2,25
826,3871,1,12,0,0,0,2026,1,1
827,713,5,18,0,4,0,2026,4,25
828,1259,1,7,1,0,0,2026,1,1
829,1666,2,15,2,4,0,2026,2,25
830,8434,0,20,0,2,0,2026,4,11
831,16324,4,6,1,2,0,2026,5,30
832,2035,5,19,1,0,0,2026,5,16
833,42953,4,6,0,0,0,2026,4,1
834,5629,2,16,0,2,0,2026,4,1
835,19927,3,11,1,0,0,2026,2,16
836,4866,5,1,1,3,0,2026,1,14
837,2299,2,15,1,3,0,2026,5,29
838,3846,5,19,2,1,0,2026,3,6
839,58241,4,0,0,2,1,2026,4,18
840,7686,1,12,1,3,0,2026,5,30
841,1113,1,12,1,4,0,2026,3,1
842,27399,4,6,0,0,0,2026,2,27
843,23926,0,20,1,2,0,2026,2,1
844,4175,5,19,1,2,0,2026,1,13
845,21365,0,20,0,3,0,2026,3,27
846,6082,0,20,1,4,0,2026,5,13
847,7563,5,18,2,1,0,2026,1,23
848,31268,3,11,1,1,0,2026,5,25
849,5899,2,10,1,2,0,2026,6,29
850,25785,3,8,1,3,0,2026,4,23
851,1018,2,2,0,2,0,2026,4,20
852,34057,3,11,0,2,0,2026,6,25
853,1037,2,16,0,2,0,2026,5,26
854,7246,2,10,2,0,0,2026,2,22
855,53331,4,17,0,2,0,2026,4,28
856,29821,3,13,0,3,0,2026,2,20
857,4372,5,1,0,0,0,2026,2,5
858,3763,3,8,1,0,0,2026,3,11
859,22058,0,20,1,2,1,2026,6,28
860,5109,5,1,2,1,0,2026,5,22
861,20950,0,9,1,1,0,2026,4,11
862,8317,1,7,2,2,0,2026,3,17
863,3730,5,1,1,2,0,2026,1,31
864,5403,1,12,2,4,0,2026,5,24
865,34083,4,4,0,0,0,2026,2,20
866,4564,2,15,2,4,1,2026,5,29
867,58659,4,0,1,1,0,2026,3,18
868,4523,3,11,1,3,0,2026,5,10
869,15833,4,17,0,1,0,2026,2,3
870,790,5,18,1,3,0,2026,4,4
871,2914,2,2,2,1,0,2026,3,22
872,10038,0,20,0,4,0,2026,6,7
873,7535,0,9,2,2,0,2026,2,9
874,23368,0,9,0,3,0,2026,6,24
875,4808,2,2,0,0,0,2026,5,9
876,27149,4,0,1,4,0,2026,2,12
877,17766,1,7,0,1,1,2026,4,14
878,49097,4,4,1,4,1,2026,4,16
879,14631,1,12,2,3,0,2026,5,13
880,2840,5,1,0,4,0,2026,5,26
881,14843,1,7,1,1,0,2026,5,17
882,54266,4,6,2,3,1,2026,5,15
883,32561,3,13,2,2,1,2026,6,27
884,5069,0,5,1,1,0,2026,4,6
885,3257,2,2,1,0,0,2026,3,12
886,8886,0,9,1,2,0,2026,4,13
887,3578,3,8,2,2,1,2026,4,15
888,59685,4,4,1,2,1,2026,1,20
889,461,5,14,2,2,0,2026,1,17
890,1815,2,10,0,0,0,2026,2,4
891,8228,1,7,2,3,0,2026,5,10
892,21613,0,20,2,0,0,2026,3,31
893,1909,5,14,0,0,0,2026,3,18
894,13258,1,3,0,4,0,2026,1,25
895,3843,0,5,1,2,0,2026,6,9
896,7240,5,18,1,4,0,2026,6,7
897,55806,4,6,0,1,0,2026,1,12
898,2199,1,12,2,0,0,2026,4,9
899,19343,0,9,2,1,0,2026,5,20
900,7318,5,18,1,2,0,2026,5,18
901,34843,3,13,2,1,0,2026,6,12
902,4767,2,10,2,1,0,2026,5,9
903,7140,1,3,1,4,0,2026,2,8
904,2024,5,18,0,0,0,2026,2,16
905,2403,5,1,2,0,0,2026,4,8
906,505,5,1,1,0,0,2026,1,19
907,25198,3,11,0,1,0,2026,1,12
908,12777,1,12,2,2,0,2026,4,18
909,12521,0,5,0,0,0,2026,6,9
910,44847,4,4,1,3,1,2026,3,13
911,44439,4,6,2,0,0,2026,3,27
912,8469,0,9,1,3,0,2026,1,12
913,3628,2,16,0,3,0,2026,6,1
914,6087,2,2,2,4,0,2026,1,4
915,17922,0,20,1,0,0,2026,3,24
916,12875,1,7,0,1,0,2026,5,13
917,35923,4,4,2,1,0,2026,4,3
918,9340,0,20,2,2,0,2026,5,11
919,5438,5,18,1,3,0,2026,5,26
920,3530,1,3,0,0,0,2026,1,10
921,11406,1,3,1,3,0,2026,6,9
922,50708,4,0,1,1,0,2026,1,1
923,13012,3,13,1,3,0,2026,1,29
924,18235,3,11,1,0,0,2026,1,7
925,13058,1,7,1,2,0,2026,5,10
926,7544,1,12,0,0,0,2026,4,29
927,5134,1,3,2,3,0,2026,1,19
928,16053,3,8,0,2,0,2026,4,16
929,1145,2,10,0,4,0,2026,4,17
930,32180,3,8,0,3,0,2026,4,6
931,34789,4,6,1,3,0,2026,6,4
932,2245,2,10,0,1,0,2026,1,19
933,10390,1,3,1,2,0,2026,1,12
934,9174,0,9,1,0,0,2026,3,14
935,578,2,15,2,2,0,2026,6,18
936,23895,4,4,2,1,0,2026,6,11
937,18409,0,20,0,1,0,2026,5,1
938,10924,3,13,1,4,0,2026,5,24
939,7404,2,15,0,2,1,2026,2,28
940,596,2,2,2,4,0,2026,5,8
941,25218,4,4,0,2,0,2026,5,11
942,37096,4,0,0,3,0,2026,4,18
943,13791,1,7,1,0,0,2026,3,24
944,14690,4,6,2,0,0,2026,2,6
945,5436,5,18,1,0,0,2026,3,18
946,22009,3,11,0,4,0,2026,1,5
947,10877,1,3,1,1,0,2026,5,3
948,25226,3,11,2,4,0,2026,2,1
949,1050,2,2,2,3,0,2026,5,3
950,4190,1,12,2,4,1,2026,1,14
951,39389,3,13,0,4,0,2026,1,1
952,15285,1,12,2,3,1,2026,4,28
953,10936,3,13,0,3,0,2026,3,5
954,13788,0,20,1,0,0,2026,3,11
955,33172,4,4,2,2,0,2026,2,28
956,6170,2,15,1,4,0,2026,5,9
957,7172,5,18,0,2,0,2026,6,5
958,50832,4,0,0,0,0,2026,1,8
959,4066,3,8,2,2,1,2026,2,6
960,1380,5,19,2,1,0,2026,4,28
961,34969,3,13,1,3,0,2026,4,13
962,5670,0,5,0,3,0,2026,5,15
963,17543,4,4,0,2,0,2026,4,28
964,16240,0,9,0,0,0,2026,2,27
965,1262,2,16,2,0,1,2026,3,31
966,6357,0,5,1,4,0,2026,5,4
967,1434,0,20,2,4,0,2026,3,15
968,6641,2,16,1,4,0,2026,4,16
969,13090,3,11,0,2,0,2026,4,11
970,26879,3,13,2,3,0,2026,6,7
971,3681,2,2,0,0,0,2026,4,28
972,3291,5,14,1,0,0,2026,5,21
973,9875,0,5,2,0,0,2026,3,30
974,5796,5,14,2,1,0,2026,3,29
975,7411,0,5,0,4,0,2026,1,28
976,6573,2,16,1,0,0,2026,6,1
977,36057,3,11,1,4,0,2026,5,11
978,5550,0,20,1,1,0,2026,4,2
979,1802,0,20,1,4,0,2026,2,7
980,1283,1,3,2,4,0,2026,5,8
981,1002,5,19,1,3,0,2026,4,15
982,17063,1,3,0,0,0,2026,3,8
983,25176,3,8,0,2,0,2026,6,26
984,7708,2,10,1,4,0,2026,5,27
985,34536,4,17,2,2,0,2026,1,19
986,2304,5,18,2,3,0,2026,4,29
987,3062,1,3,2,3,1,2026,5,5
988,817,5,1,0,0,0,2026,1,14
989,4150,2,2,2,2,0,2026,4,19
990,22798,3,13,0,1,0,2026,6,24
991,20613,3,13,2,1,0,2026,5,29
992,20686,0,5,2,2,0,2026,5,27
993,4318,2,10,1,0,0,2026,5,22
994,20745,3,13,1,4,0,2026,5,11
995,6691,5,14,0,3,0,2026,2,26
996,7910,5,1,2,4,0,2026,2,13
997,22785,4,4,1,1,0,2026,5,30
998,7621,1,12,1,2,0,2026,1,23
999,20612,0,20,1,2,0,2026,3,3
1000,27422,3,8,1,3,0,2026,1,28
1001,2931,2,2,0,3,0,2026,5,11
1002,11998,0,9,2,1,0,2026,1,27
1003,14593,1,7,2,0,1,2026,2,15
1004,26909,4,0,2,4,0,2026,3,27
1005,17821,0,9,0,1,0,2026,3,11
1006,991,2,10,0,3,0,2026,5,14
1007,39202,3,13,2,2,1,2026,6,26
1008,7354,2,2,1,0,0,2026,3,3
1009,13980,0,9,2,0,0,2026,4,24
1010,5670,5,1,2,3,0,2026,1,9
1011,2553,2,15,2,3,0,2026,3,4
1012,728,2,15,1,3,0,2026,6,13
1013,13639,3,11,0,1,1,2026,1,30
1014,11989,3,13,1,1,0,2026,2,27
1015,6911,5,14,1,1,0,2026,5,11
1016,6006,0,20,1,3,0,2026,2,14
1017,30001,3,11,0,3,0,2026,1,29
1018,26852,3,13,0,3,0,2026,3,31
1019,16958,1,3,1,1,0,2026,1,9
1020,24265,0,9,0,1,0,2026,2,17
1021,4015,0,20,2,3,0,2026,3,21
1022,21566,0,20,1,4,0,2026,6,10
1023,7225,2,16,1,3,0,2026,2,25
1024,8910,1,3,2,1,0,2026,5,6
1025,18609,0,9,1,4,0,2026,6,3
1026,2608,2,16,1,4,0,2026,6,26
1027,3784,2,16,2,2,0,2026,5,15
1028,2723,2,16,0,4,0,2026,1,26
1029,7200,2,2,0,3,0,2026,4,15
1030,13463,1,3,1,0,0,2026,1,9
1031,14737,0,20,2,2,0,2026,2,24
1032,2253,2,16,2,2,0,2026,4,25
1033,1316,2,16,0,3,1,2026,4,6
1034,50115,4,4,1,2,0,2026,2,3
1035,5353,2,16,1,0,0,2026,1,31
1036,2524,2,16,2,0,0,2026,4,4
1037,16925,0,20,1,0,0,2026,4,16
1038,38762,4,4,0,2,0,2026,4,9
1039,6098,5,19,1,2,0,2026,3,24
1040,6286,2,16,1,3,0,2026,4,11
1041,7054,2,2,0,2,0,2026,1,6
1042,24096,3,13,1,4,0,2026,3,21
1043,6715,0,20,1,4,0,2026,2,11
1044,6636,2,2,0,2,0,2026,4,10
1045,36008,4,17,0,4,0,2026,4,22
1046,3603,1,7,2,1,0,2026,6,21
1047,20159,0,20,0,2,0,2026,4,26
1048,1923,0,20,1,4,0,2026,6,3
1049,32233,4,4,1,2,0,2026,2,12
1050,38476,3,11,2,2,0,2026,3,29
1051,2270,5,18,1,2,0,2026,1,30
1052,44918,4,6,0,0,0,2026,5,30
1053,12484,1,12,2,0,0,2026,2,24
1054,490,5,18,2,4,0,2026,6,18
1055,3208,5,18,2,3,0,2026,6,19
1056,16460,0,5,2,1,0,2026,6,8
1057,1437,2,10,2,1,0,2026,2,7
1058,5653,4,17,2,1,1,2026,2,22
1059,15609,4,4,0,4,0,2026,3,21
1060,7520,5,1,1,0,0,2026,6,11
1061,17114,1,7,1,1,0,2026,1,6
1062,8389,3,11,0,3,0,2026,1,23
1063,6603,4,4,2,4,0,2026,5,14
1064,2193,2,15,2,2,0,2026,5,7
1065,13264,0,9,0,2,0,2026,2,2
1066,40235,4,4,2,2,0,2026,1,29
1067,23405,0,9,0,4,0,2026,4,10
1068,10753,3,11,0,3,0,2026,4,28
1069,17509,1,7,1,0,0,2026,3,2
1070,16450,1,12,1,0,0,2026,2,27
1071,1703,5,1,1,1,0,2026,1,31
1072,31767,3,8,0,4,0,2026,1,10
1073,36539,3,8,1,2,0,2026,3,27
1074,3007,2,16,0,1,0,2026,4,7
1075,975,2,10,0,1,0,2026,4,13
1076,10154,4,0,0,4,0,2026,1,25
1077,17988,0,9,1,0,0,2026,3,10
1078,4295,5,18,0,0,0,2026,5,23
1079,2521,5,1,2,2,1,2026,5,29
1080,33335,4,4,0,2,0,2026,2,24
1081,1946,1,3,2,1,0,2026,6,10
1082,2944,5,14,1,0,0,2026,6,8
1083,848,2,10,1,1,0,2026,4,7
1084,1309,2,2,1,1,0,2026,5,14
1085,24265,0,5,1,4,0,2026,5,24
1086,7403,1,12,0,1,0,2026,1,31
1087,4971,5,18,2,2,1,2026,1,18
1088,2956,1,3,1,4,0,2026,3,8
1089,4911,5,14,1,3,0,2026,1,11
1090,3824,0,20,2,1,0,2026,3,7
1091,1136,5,1,2,4,1,2026,5,13
1092,7662,2,10,1,4,0,2026,5,24
1093,7717,0,20,1,2,0,2026,5,15
1094,31501,3,11,1,4,0,2026,6,7
1095,5339,0,20,1,1,0,2026,1,12
1096,4397,2,15,1,1,0,2026,6,10
1097,7761,1,7,1,1,0,2026,2,12
1098,1419,2,16,0,0,0,2026,3,18
1099,3244,2,15,1,4,0,2026,4,28
1100,20081,0,9,1,4,0,2026,2,7
1101,2848,2,10,0,0,0,2026,6,24
1102,4429,2,2,2,1,0,2026,5,13
1103,8145,3,13,1,4,0,2026,2,24
1104,21926,4,6,0,2,0,2026,4,29
1105,7491,2,15,2,4,0,2026,1,10
1106,308,5,1,1,0,0,2026,5,23
1107,14951,4,17,0,1,0,2026,4,17
1108,13963,1,12,2,1,0,2026,1,28
1109,19564,0,5,2,2,0,2026,5,10
1110,16673,0,5,2,1,0,2026,5,20
1111,5931,4,17,1,4,0,2026,4,27
1112,34208,3,11,2,1,0,2026,1,13
1113,1326,5,14,2,4,1,2026,5,11
1114,24828,4,4,2,4,0,2026,6,12
1115,3000,3,11,1,1,0,2026,3,15
1116,20256,0,20,2,0,0,2026,5,11
1117,1989,5,19,0,1,0,2026,4,19
1118,18842,1,3,0,3,0,2026,3,5
1119,15924,0,9,2,1,0,2026,1,3
1120,17431,1,7,1,4,0,2026,2,4
1121,13563,4,0,0,2,0,2026,4,25
1122,5627,2,10,2,0,0,2026,6,16
1123,2473,2,16,2,0,0,2026,5,26
1124,2586,5,1,2,2,0,2026,2,15
1125,57145,4,17,0,3,0,2026,5,9
1126,5569,5,19,1,3,0,2026,6,28
1127,18007,0,20,1,0,0,2026,5,15
1128,22775,4,17,2,0,0,2026,2,18
1129,2135,0,5,1,3,0,2026,1,12
1130,36162,4,17,1,2,0,2026,3,28
1131,5442,2,2,1,2,0,2026,3,21
1132,6330,2,10,2,2,0,2026,3,2
1133,1625,2,16,0,0,0,2026,4,11
1134,17847,1,12,0,4,0,2026,6,15
1135,33771,3,8,0,1,0,2026,6,4
1136,59431,4,17,0,0,1,2026,6,11
1137,16549,1,3,2,2,1,2026,4,28
1138,15768,0,5,1,4,0,2026,5,25
1139,4725,2,15,1,1,0,2026,1,5
1140,3766,2,15,2,4,1,2026,3,16
1141,27486,4,17,0,2,0,2026,1,7
1142,2967,5,14,2,1,0,2026,6,11
1143,12342,0,9,1,2,0,2026,1,17
1144,29039,4,0,1,2,0,2026,5,5
1145,10543,4,6,1,0,0,2026,6,17
1146,3854,2,2,2,2,0,2026,3,27
1147,2134,0,5,2,1,0,2026,3,14
1148,18354,4,17,1,4,0,2026,3,6
1149,27751,3,13,0,4,0,2026,4,2
1150,3967,2,2,1,0,1,2026,1,14
1151,38868,4,0,0,3,0,2026,3,10
1152,7707,2,10,1,4,0,2026,6,8
1153,5943,0,9,2,1,0,2026,6,22
1154,18164,4,0,1,3,0,2026,6,25
1155,21796,3,8,2,0,0,2026,4,9
1156,14959,3,11,0,2,0,2026,5,8
1157,15901,1,3,1,2,0,2026,2,14
1158,6628,4,4,0,0,0,2026,5,29
1159,19377,3,11,1,1,1,2026,5,26
1160,7610,1,7,0,0,0,2026,2,28
1161,1030,1,3,2,2,0,2026,2,21
1162,2076,2,15,1,3,0,2026,2,21
1163,13918,1,3,2,0,0,2026,2,14
1164,3990,0,5,1,1,0,2026,5,31
1165,59768,4,0,1,1,1,2026,6,11
1166,3646,5,1,1,2,0,2026,2,9
1167,4758,5,18,0,3,0,2026,2,14
1168,3347,2,15,1,2,0,2026,5,31
1169,46008,4,17,1,2,0,2026,2,7
1170,8578,0,20,1,0,1,2026,2,28
1171,10648,1,7,2,3,0,2026,1,7
1172,30225,3,8,1,4,0,2026,3,29
1173,17908,0,20,0,2,0,2026,2,14
1174,3255,5,1,2,3,0,2026,2,3
1175,7630,1,3,1,3,0,2026,2,17
1176,7652,3,8,1,1,0,2026,4,1
1177,15415,1,7,0,0,0,2026,1,27
1178,10499,0,20,2,4,0,2026,3,16
1179,23833,3,11,1,4,0,2026,2,13
1180,6871,2,2,1,4,0,2026,6,23
1181,6012,5,14,0,1,0,2026,5,14
1182,39619,4,0,1,2,0,2026,3,23
1183,16875,4,0,0,4,0,2026,2,28
1184,6432,1,7,0,4,0,2026,3,9
1185,6681,2,16,2,0,0,2026,1,5
1186,7746,5,19,0,1,0,2026,5,19
1187,58905,4,6,0,0,0,2026,3,28
1188,3389,5,19,1,3,0,2026,6,1
1189,2816,5,19,2,4,0,2026,3,21
1190,10549,0,20,2,1,1,2026,6,17
1191,26230,3,13,0,0,0,2026,1,7
1192,58788,4,4,2,0,1,2026,1,18
1193,25719,4,4,0,2,0,2026,1,12
1194,6764,5,14,0,2,1,2026,1,16
1195,3839,1,7,0,2,0,2026,1,26
1196,1843,0,20,0,2,0,2026,5,1
1197,20741,0,5,1,0,0,2026,5,23
1198,4457,2,10,1,1,0,2026,4,26
1199,14176,3,8,0,4,0,2026,3,27
1200,3581,5,19,1,0,0,2026,4,9
1201,2328,2,15,2,1,0,2026,2,14
1202,1926,5,19,2,3,0,2026,4,5
1203,4968,2,10,0,4,0,2026,4,15
1204,5117,2,16,0,3,0,2026,3,6
1205,500,5,19,2,0,0,2026,3,7
1206,4387,1,7,2,3,0,2026,1,15
1207,1837,5,1,1,3,0,2026,2,14
1208,58104,4,0,2,4,1,2026,1,15
1209,56787,4,0,0,1,1,2026,1,11
1210,7229,5,19,1,0,0,2026,3,15
1211,6979,3,11,2,0,0,2026,6,29
1212,58981,4,4,0,2,1,2026,1,24
1213,12313,0,9,2,2,0,2026,5,26
1214,2040,1,3,1,0,0,2026,5,21
1215,4825,3,11,1,0,0,2026,1,15
1216,6807,4,4,0,4,0,2026,2,23
1217,5369,1,12,2,4,0,2026,3,8
1218,4433,5,19,2,0,0,2026,6,19
1219,19904,0,9,0,4,0,2026,6,14
1220,13684,0,20,2,0,0,2026,5,2
1221,28509,3,8,2,2,0,2026,6,15
1222,4543,3,11,2,1,0,2026,3,12
1223,22555,3,13,1,4,0,2026,4,10
1224,7315,5,1,0,0,0,2026,5,14
1225,1437,5,19,0,4,0,2026,5,21
1226,10034,1,7,1,1,0,2026,6,25
1227,10215,1,7,1,4,0,2026,1,31
1228,20138,0,9,0,1,0,2026,4,18
1229,720,2,16,2,1,0,2026,5,19
1230,6525,2,2,0,2,0,2026,2,2
1231,5811,2,15,2,2,0,2026,4,4
1232,23195,0,9,0,4,0,2026,1,22
1233,59535,4,4,0,3,0,2026,6,3
1234,6600,2,15,1,0,0,2026,5,29
1235,34348,3,8,1,1,1,2026,4,8
1236,1939,2,10,1,3,0,2026,3,31
1237,5067,2,16,2,4,1,2026,5,16
1238,24053,4,4,1,4,0,2026,4,14
1239,1112,5,1,1,1,0,2026,1,24
1240,7585,4,0,2,0,0,2026,3,29
1241,50384,4,4,1,4,0,2026,5,29
1242,5181,5,19,0,4,0,2026,5,1
1243,3075,1,12,0,2,0,2026,1,23
1244,4398,1,3,1,1,0,2026,6,24
1245,4699,5,19,0,4,0,2026,5,18
1246,9436,0,5,2,3,1,2026,6,12
1247,2850,5,1,0,3,0,2026,5,28
1248,11804,0,20,0,4,0,2026,1,21
1249,25210,3,8,1,1,0,2026,3,20
1250,1135,5,14,2,0,0,2026,2,21
1251,2087,1,7,2,4,0,2026,3,15
1252,24694,4,17,1,4,0,2026,6,13
1253,707,5,19,0,4,0,2026,5,16
1254,766,5,1,2,2,0,2026,6,18
1255,2197,1,3,1,2,0,2026,3,26
1256,7253,5,1,0,1,0,2026,2,1
1257,6096,0,9,0,2,0,2026,1,15
1258,43218,4,4,1,4,0,2026,3,1
1259,20419,4,4,2,0,0,2026,4,26
1260,29496,3,13,0,3,0,2026,4,26
1261,2770,1,7,1,4,0,2026,5,7
1262,23619,3,13,2,3,0,2026,1,19
1263,10766,3,8,2,2,0,2026,2,9
1264,7908,5,18,0,0,0,2026,6,16
1265,1108,5,18,1,0,0,2026,3,22
1266,4572,0,5,2,3,0,2026,4,12
1267,6655,5,14,1,3,0,2026,1,29
1268,15818,1,3,1,0,0,2026,6,7
1269,1864,2,15,2,3,1,2026,2,17
1270,21994,0,5,0,3,0,2026,6,7
1271,22061,3,8,0,4,0,2026,2,20
1272,22049,3,11,0,1,0,2026,3,20
1273,57577,4,4,1,4,0,2026,4,16
1274,16383,3,11,0,2,0,2026,6,22
1275,13920,1,12,1,2,0,2026,3,22
1276,33554,3,8,1,0,0,2026,4,14
1277,7575,1,3,2,2,0,2026,6,20
1278,6867,5,19,0,2,0,2026,5,25
1279,13455,1,12,1,3,0,2026,4,2
1280,4309,2,16,0,1,0,2026,6,20
1281,701,2,16,1,4,0,2026,1,6
1282,7098,0,20,0,3,0,2026,4,29
1283,33831,4,4,0,1,0,2026,3,19
1284,23597,0,9,2,1,0,2026,1,24
1285,5454,5,19,1,0,0,2026,4,9
1286,3907,5,14,0,0,0,2026,2,9
1287,31245,4,17,2,0,0,2026,5,26
1288,18031,0,5,0,3,0,2026,5,3
1289,33846,4,0,2,0,0,2026,1,5
1290,47216,4,6,0,2,1,2026,4,1
1291,16818,4,4,2,3,0,2026,4,18
1292,30561,4,4,1,3,0,2026,4,30
1293,18932,1,7,1,3,0,2026,3,22
1294,27493,3,11,0,1,0,2026,4,16
1295,2799,1,3,0,4,0,2026,5,24
1296,19819,0,20,1,4,0,2026,4,18
1297,3404,5,14,1,2,0,2026,4,2
1298,14230,0,9,0,3,0,2026,2,16
1299,2276,5,14,2,4,0,2026,2,15
1300,26563,4,0,1,3,0,2026,4,19
1301,4226,2,2,1,1,0,2026,5,22
1302,57279,4,17,0,0,0,2026,4,28
1303,22290,0,9,0,4,0,2026,3,4
1304,2483,0,20,0,2,0,2026,4,18
1305,9484,4,6,1,3,0,2026,3,9
1306,6415,5,19,2,1,0,2026,5,11
1307,19592,1,7,2,3,0,2026,1,3
1308,7279,2,15,2,2,0,2026,1,17
1309,49169,4,17,0,4,0,2026,6,12
1310,51282,4,0,0,4,0,2026,4,4
1311,3157,0,20,2,2,0,2026,2,8
1312,5705,1,12,1,3,0,2026,5,23
1313,46237,4,4,2,1,0,2026,5,4
1314,13305,4,4,2,1,0,2026,1,4
1315,12623,0,20,1,0,0,2026,1,29
1316,2937,5,19,2,2,0,2026,5,9
1317,9896,1,12,1,1,0,2026,6,19
1318,4226,2,2,2,0,0,2026,5,25
1319,790,2,10,2,3,0,2026,4,29
1320,34925,3,8,1,4,0,2026,5,23
1321,1785,5,14,2,4,0,2026,6,16
1322,27340,4,0,2,3,0,2026,6,1
1323,12406,1,3,0,1,0,2026,1,17
1324,4371,1,3,0,0,1,2026,3,23
1325,5523,1,12,2,0,0,2026,4,15
1326,1574,5,14,1,3,0,2026,6,1
1327,53406,4,6,2,4,0,2026,3,28
1328,19890,1,7,2,0,0,2026,3,12
1329,4936,2,16,2,2,1,2026,5,2
1330,4493,2,10,0,1,0,2026,6,1
1331,5463,2,10,0,3,0,2026,3,11
1332,9135,3,11,2,4,1,2026,2,3
1333,7055,5,18,2,3,0,2026,1,8
1334,3872,2,16,1,2,0,2026,3,10
1335,13035,0,5,2,3,0,2026,5,29
1336,946,5,14,0,3,0,2026,1,14
1337,3605,5,14,2,4,0,2026,5,6
1338,38619,3,11,2,0,0,2026,3,15
1339,4526,5,18,1,0,0,2026,3,26
1340,35253,3,8,2,0,0,2026,5,14
1341,3084,5,14,0,3,0,2026,2,11
1342,25818,4,0,0,4,0,2026,2,27
1343,15288,3,8,0,4,0,2026,3,4
1344,15233,4,0,0,0,0,2026,4,11
1345,1209,2,16,1,2,0,2026,6,12
1346,29113,3,11,1,3,0,2026,4,2
1347,2769,1,7,2,4,1,2026,3,15
1348,17351,3,8,0,0,0,2026,4,3
1349,2721,2,2,2,4,0,2026,1,17
1350,7927,5,1,0,1,0,2026,2,6
1351,22956,0,20,2,1,0,2026,4,27
1352,14017,3,8,1,4,0,2026,4,6
1353,21706,3,8,0,2,0,2026,1,14
1354,6674,5,14,0,0,0,2026,3,27
1355,19593,0,9,0,1,0,2026,5,15
1356,21124,4,4,1,2,0,2026,3,15
1357,1259,2,16,1,1,0,2026,5,3
1358,23611,3,8,0,3,0,2026,3,3
1359,15757,3,11,2,3,0,2026,3,13
1360,16941,3,11,1,1,0,2026,2,3
1361,46154,4,0,2,1,0,2026,5,6
1362,330,5,14,1,2,0,2026,5,15
1363,17522,0,5,2,4,0,2026,2,7
1364,3217,0,9,2,0,0,2026,1,6
1365,576,2,10,0,1,1,2026,3,7
1366,12819,1,12,2,4,0,2026,1,18
1367,9773,1,3,0,4,0,2026,1,2
1368,1312,5,1,0,3,0,2026,3,23
1369,2600,2,16,0,4,0,2026,3,11
1370,10423,4,0,2,2,0,2026,1,19
1371,6857,2,16,0,0,0,2026,5,21
1372,7148,5,14,0,4,1,2026,4,3
1373,37413,3,13,2,0,0,2026,2,15
1374,48133,4,17,2,3,1,2026,6,29
1375,4454,0,20,2,0,0,2026,5,6
1376,41952,4,0,0,0,0,2026,3,17
1377,13680,3,11,2,1,0,2026,3,21
1378,12320,0,20,1,3,0,2026,6,5
1379,7636,2,2,1,3,0,2026,3,3
1380,10661,3,13,2,4,0,2026,2,10
1381,46731,4,4,1,2,0,2026,1,28
1382,6046,5,19,1,0,0,2026,6,16
1383,492,5,1,0,1,0,2026,1,24
1384,37718,4,17,0,0,0,2026,5,12
1385,7537,5,19,2,3,0,2026,2,11
1386,223,5,14,1,4,0,2026,4,3
1387,1458,5,14,2,4,0,2026,3,15
1388,13802,0,5,0,0,0,2026,2,25
1389,1161,5,18,2,2,0,2026,6,16
1390,5327,5,19,2,0,0,2026,4,22
1391,17780,1,12,2,1,0,2026,2,25
1392,7061,2,15,0,2,0,2026,3,5
1393,4859,3,11,2,3,0,2026,1,10
1394,31196,4,6,0,3,0,2026,3,24
1395,1352,1,7,1,4,0,2026,3,21
1396,37339,4,6,0,3,0,2026,5,7
1397,30403,3,13,0,1,0,2026,5,22
1398,3292,1,7,1,2,0,2026,2,6
1399,8977,3,8,2,2,1,2026,3,17
1400,21110,0,5,2,3,0,2026,5,5
1401,5765,5,1,1,3,0,2026,3,11
1402,38388,3,8,0,0,0,2026,5,15
1403,1194,0,9,0,2,0,2026,3,2
1404,4577,2,15,1,3,0,2026,2,14
1405,7403,1,7,2,1,0,2026,6,9
1406,3523,5,1,1,3,0,2026,6,11
1407,8478,1,7,2,3,0,2026,2,1
1408,1744,2,15,2,2,0,2026,6,3
1409,24938,4,4,0,4,0,2026,3,18
1410,12523,0,5,1,0,0,2026,4,1
1411,50677,4,17,2,1,0,2026,1,29
1412,11799,1,3,0,4,0,2026,6,7
1413,15487,1,7,0,1,0,2026,6,5
1414,7996,3,11,2,3,0,2026,6,15
1415,41407,4,0,1,1,0,2026,1,14
1416,2717,2,15,1,3,0,2026,6,18
1417,1436,0,9,2,4,0,2026,2,19
1418,19623,3,13,0,0,0,2026,6,7
1419,6589,1,3,1,3,0,2026,4,9
1420,39690,3,8,1,1,0,2026,6,6
1421,1248,2,16,2,0,0,2026,3,13
1422,18918,1,3,1,0,0,2026,2,11
1423,7146,5,14,2,4,0,2026,5,12
1424,10268,3,8,2,3,0,2026,5,5
1425,38223,3,8,2,3,0,2026,6,2
1426,7822,5,19,0,1,0,2026,2,14
1427,9076,1,7,2,0,0,2026,4,27
1428,13743,1,12,1,3,0,2026,6,5
1429,6512,3,13,0,3,0,2026,5,21
1430,2974,1,3,0,0,0,2026,3,13
1431,1250,0,5,2,4,0,2026,2,18
1432,4850,2,15,0,4,0,2026,6,16
1433,4766,5,19,1,0,0,2026,1,17
1434,4934,0,20,1,3,0,2026,4,8
1435,14743,3,11,0,0,0,2026,1,22
1436,8607,1,7,2,1,0,2026,6,15
1437,4071,5,18,2,4,0,2026,1,21
1438,37912,3,13,1,3,0,2026,2,1
1439,8420,4,4,2,0,0,2026,1,19
1440,5058,2,2,2,2,0,2026,1,30
1441,2956,2,2,1,1,0,2026,1,30
1442,11285,0,20,2,0,0,2026,4,13
1443,929,5,14,2,0,0,2026,3,17
1444,4747,5,14,2,2,0,2026,4,23
1445,3994,2,16,0,0,0,2026,6,8
1446,7265,0,20,0,1,0,2026,1,12
1447,15228,1,12,1,4,0,2026,2,12
1448,28014,3,8,0,3,0,2026,6,15
1449,7237,2,10,2,1,0,2026,2,5
1450,15639,0,5,2,2,0,2026,2,24
1451,7263,2,15,0,3,0,2026,4,27
1452,20912,3,11,0,2,0,2026,4,26
1453,5498,3,11,1,3,0,2026,3,15
1454,6538,2,2,1,4,0,2026,4,7
1455,10258,3,8,0,0,0,2026,1,2
1456,12177,1,12,2,1,0,2026,4,5
1457,561,2,16,0,3,0,2026,6,22
1458,18358,4,6,0,2,0,2026,1,18
1459,5464,5,1,2,0,0,2026,1,25
1460,41891,4,0,2,1,0,2026,5,26
1461,4864,5,14,2,1,0,2026,5,25
1462,3865,5,1,0,0,0,2026,2,23
1463,6386,5,18,1,0,0,2026,5,29
1464,38538,4,17,1,1,0,2026,4,16
1465,10798,1,12,0,0,0,2026,5,13
1466,3206,2,15,1,3,0,2026,6,21
1467,15531,0,5,0,0,0,2026,3,2
1468,8753,4,17,2,2,0,2026,6,23
1469,6322,5,18,2,2,0,2026,5,16
1470,37087,4,17,2,4,0,2026,3,13
1471,13854,1,3,0,3,0,2026,2,11
1472,4530,5,14,0,2,0,2026,5,22
1473,5497,0,5,0,1,0,2026,4,3
1474,5378,0,9,0,0,0,2026,1,25
1475,55925,4,0,1,0,0,2026,6,3
1476,4564,0,9,2,3,0,2026,3,29
1477,7505,1,3,0,2,0,2026,3,10
1478,3383,5,1,2,4,0,2026,4,15
1479,13967,3,11,0,2,0,2026,6,16
1480,10041,1,3,0,3,0,2026,5,14
1481,5188,2,2,2,4,0,2026,6,26
1482,36925,3,8,2,4,0,2026,5,8
1483,1199,0,20,0,3,0,2026,4,3
1484,4221,5,1,0,0,0,2026,1,27
1485,16314,0,20,2,1,0,2026,1,12
1486,25234,3,11,0,4,0,2026,6,20
1487,20096,0,5,0,3,0,2026,5,7
1488,6303,2,15,0,0,0,2026,1,7
1489,16765,1,3,1,1,0,2026,2,8
1490,4463,2,15,1,4,0,2026,4,14
1491,20068,0,5,1,2,0,2026,6,29
1492,10901,3,8,1,2,0,2026,2,14
1493,4027,1,12,2,1,0,2026,6,19
1494,5997,2,15,2,0,0,2026,4,5
1495,18791,3,13,2,2,1,2026,6,16
1496,3430,5,19,2,1,0,2026,5,17
1497,23259,0,5,0,1,0,2026,3,2
1498,5336,0,5,2,3,0,2026,5,28
1499,6766,2,2,1,1,0,2026,3,20
1500,8435,1,12,2,4,0,2026,6,11
1501,5199,5,19,2,4,0,2026,1,26
1502,12253,1,3,1,4,0,2026,5,7
1503,11061,0,20,0,3,0,2026,2,3
1504,19531,1,3,0,2,1,2026,2,28
1505,21573,0,9,2,0,0,2026,5,25
1506,17188,0,9,2,4,1,2026,6,25
1507,1623,0,20,1,4,0,2026,4,19
1508,6509,5,19,0,1,0,2026,1,12
1509,21627,4,6,1,0,0,2026,1,9
1510,7187,5,1,2,0,0,2026,3,8
1511,32178,3,13,2,1,0,2026,6,7
1512,9958,0,20,1,2,0,2026,1,28
1513,23716,0,9,2,0,0,2026,2,12
1514,9542,0,9,0,3,0,2026,6,10
1515,16406,1,7,0,4,0,2026,4,20
1516,636,2,15,1,1,0,2026,2,14
1517,1015,2,15,2,1,0,2026,4,12
1518,206,5,18,0,1,0,2026,4,4
1519,39918,3,8,1,3,0,2026,6,29
1520,24721,0,9,2,3,0,2026,4,11
1521,15150,3,13,2,4,0,2026,2,1
1522,20043,3,11,2,4,0,2026,6,27
1523,2996,5,19,1,1,0,2026,2,7
1524,9594,0,9,2,3,0,2026,6,23
1525,12435,0,5,2,1,0,2026,2,4
1526,31957,3,13,1,1,0,2026,5,3
1527,31551,4,17,1,4,0,2026,5,24
1528,20064,4,0,0,0,0,2026,2,24
1529,4415,1,12,0,0,0,2026,1,16
1530,6874,4,6,1,2,0,2026,3,25
1531,13468,1,12,0,3,0,2026,2,14
1532,7958,2,2,1,2,0,2026,3,30
1533,24474,0,5,0,3,0,2026,5,23
1534,55735,4,17,1,1,0,2026,4,16
1535,14868,3,13,0,4,0,2026,1,28
1536,6375,5,18,1,2,0,2026,1,14
1537,39580,3,13,2,4,0,2026,6,21
1538,55103,4,0,1,3,1,2026,5,7
1539,6008,2,10,0,3,0,2026,4,25
1540,57640,4,6,1,4,0,2026,2,27
1541,12953,1,7,0,3,0,2026,4,13
1542,6571,2,16,0,1,0,2026,1,25
1543,19339,4,4,0,3,0,2026,6,13
1544,4080,5,1,2,4,0,2026,5,19
1545,22027,0,20,0,4,0,2026,6,28
1546,42739,4,17,1,0,1,2026,1,27
1547,14014,1,7,2,0,0,2026,3,27
1548,5927,2,2,0,1,0,2026,2,20
1549,5610,5,19,1,2,0,2026,6,25
1550,17530,0,20,0,2,0,2026,1,21
1551,21937,4,4,2,0,0,2026,1,12
1552,13407,4,0,0,3,0,2026,3,19
1553,19255,1,3,1,0,0,2026,1,10
1554,19032,0,9,2,1,0,2026,4,14
1555,18889,0,5,2,3,0,2026,5,30
1556,6512,1,3,2,4,0,2026,5,15
1557,3594,2,2,2,3,0,2026,3,20
1558,29177,4,0,1,2,0,2026,6,7
1559,905,2,16,0,4,0,2026,2,19
1560,3613,5,14,2,0,0,2026,1,9
1561,6168,3,13,1,4,0,2026,1,23
1562,13440,1,3,0,1,0,2026,1,29
1563,2361,0,9,1,1,0,2026,5,28
1564,55454,4,6,1,4,0,2026,6,8
1565,40476,4,4,1,3,1,2026,4,19
1566,6708,5,18,0,4,0,2026,3,27
1567,38777,4,0,0,2,0,2026,1,28
1568,22653,0,20,0,4,0,2026,5,26
1569,15244,1,3,0,1,0,2026,1,5
1570,6118,2,2,1,3,0,2026,6,21
1571,11895,0,20,2,3,0,2026,6,15
1572,6663,2,15,2,2,0,2026,1,28
1573,2171,0,20,1,4,0,2026,2,3
1574,1445,5,18,1,2,0,2026,1,4
1575,13046,1,3,1,3,0,2026,2,17
1576,7801,1,12,2,0,0,2026,2,19
1577,14648,1,3,0,4,0,2026,3,4
1578,10831,1,7,2,3,0,2026,5,3
1579,56351,4,4,2,4,0,2026,6,20
1580,5160,5,1,2,1,0,2026,1,24
1581,15227,1,3,0,2,0,2026,5,28
1582,11357,3,13,2,3,0,2026,3,10
1583,18512,4,6,1,1,0,2026,1,12
1584,3229,5,14,0,0,0,2026,5,19
1585,32289,4,17,2,0,0,2026,6,7
1586,9488,1,12,0,0,0,2026,6,11
1587,5642,5,18,2,3,0,2026,1,3
1588,28182,4,17,2,2,0,2026,2,13
1589,4085,1,12,0,0,0,2026,3,15
1590,1560,5,14,2,3,1,2026,5,7
1591,24351,0,20,1,2,1,2026,4,5
1592,1191,5,19,1,4,0,2026,6,11
1593,12328,4,6,2,4,0,2026,4,26
1594,31276,3,11,2,1,0,2026,5,27
1595,4565,0,20,0,3,0,2026,3,2
1596,3156,2,16,0,1,0,2026,2,25
1597,24861,0,9,2,4,0,2026,3,29
1598,22651,0,20,2,4,0,2026,2,7
1599,709,5,1,2,1,0,2026,6,22
1600,914,2,16,2,4,0,2026,4,4
1601,18750,1,3,0,0,0,2026,4,11
1602,17140,1,3,2,4,0,2026,5,17
1603,19836,1,7,1,4,0,2026,2,1
1604,4069,5,18,2,4,0,2026,4,3
1605,5081,2,15,0,3,0,2026,3,26
1606,5609,5,1,0,2,0,2026,6,4
1607,27660,3,8,2,1,1,2026,3,22
1608,12891,1,3,1,4,0,2026,1,14
1609,38685,3,13,2,2,0,2026,5,1
1610,6268,5,18,0,2,0,2026,4,30
1611,13182,0,9,2,2,0,2026,2,21
1612,2050,0,20,1,0,0,2026,6,28
1613,5463,5,14,0,2,0,2026,3,2
1614,20366,0,20,0,4,0,2026,2,25
1615,2514,2,10,1,4,0,2026,5,13
1616,25882,4,4,1,3,0,2026,4,14
1617,1462,2,15,0,3,0,2026,6,26
1618,3671,1,7,1,4,0,2026,6,15
1619,1092,2,15,2,0,0,2026,5,4
1620,6340,2,10,1,1,0,2026,5,9
1621,3121,5,19,1,3,0,2026,5,1
1622,18574,1,12,1,4,0,2026,3,19
1623,3372,2,2,0,0,0,2026,4,24
1624,5182,5,1,1,4,0,2026,3,26
1625,7513,0,20,0,4,0,2026,5,10
1626,14266,1,3,2,4,0,2026,6,23
1627,17521,1,12,0,2,0,2026,2,7
1628,30553,3,8,1,3,0,2026,5,31
1629,5162,0,9,0,2,0,2026,5,6
1630,5784,0,20,2,4,1,2026,4,5
1631,7577,0,9,0,3,0,2026,3,20
1632,4212,0,5,0,4,0,2026,2,6
1633,8765,3,11,1,0,0,2026,5,20
1634,2828,2,16,0,3,0,2026,2,7
1635,4666,2,16,0,4,0,2026,4,8
1636,4030,2,16,1,4,0,2026,4,30
1637,34946,4,0,1,4,0,2026,5,17
1638,33066,3,11,2,2,0,2026,4,6
1639,3457,2,2,1,0,0,2026,6,17
1640,9640,3,13,0,1,0,2026,4,25
1641,3894,5,18,0,1,0,2026,6,25
1642,16832,1,3,0,0,0,2026,1,2
1643,14255,3,13,2,3,0,2026,1,6
1644,1085,2,16,1,2,0,2026,2,23
1645,21758,0,9,1,4,0,2026,5,17
1646,51681,4,0,1,0,1,2026,2,18
1647,11903,1,3,2,2,0,2026,4,18
1648,23192,0,9,0,0,0,2026,6,9
1649,1161,5,19,2,0,0,2026,2,14
1650,1875,2,15,0,3,0,2026,3,15
1651,16524,0,20,0,4,0,2026,2,27
1652,31146,3,13,1,0,0,2026,2,1
1653,7412,1,3,0,2,0,2026,3,26
1654,33040,4,4,0,1,0,2026,6,15
1655,26102,4,17,1,4,0,2026,5,3
1656,6672,5,14,1,4,0,2026,5,3
1657,10678,0,9,2,1,0,2026,2,20
1658,1991,2,15,0,4,0,2026,3,23
1659,21797,0,9,2,1,0,2026,4,25
1660,5713,2,16,2,2,0,2026,5,5
1661,5592,5,14,1,4,0,2026,4,12
1662,5723,5,18,2,4,0,2026,1,29
1663,2907,5,1,0,1,0,2026,4,27
1664,23868,0,9,2,2,0,2026,1,5
1665,14934,3,13,2,2,0,2026,2,5
1666,9308,1,7,0,2,0,2026,5,20
1667,9135,4,6,0,2,0,2026,1,29
1668,25197,3,13,0,0,0,2026,3,7
1669,234,5,1,2,4,0,2026,5,18
1670,6341,5,1,0,4,0,2026,4,5
1671,35590,4,4,0,0,0,2026,3,31
1672,20341,0,9,2,1,0,2026,2,14
1673,18041,0,5,0,1,0,2026,5,22
1674,6366,2,16,1,3,0,2026,3,29
1675,2102,5,1,0,0,0,2026,2,8
1676,4839,2,2,2,2,0,2026,5,24
1677,3879,5,1,0,2,0,2026,1,23
1678,10768,0,5,2,1,0,2026,2,16
1679,2816,1,12,2,4,0,2026,5,11
1680,3447,5,18,1,1,0,2026,1,4
1681,3082,2,2,1,2,0,2026,5,16
1682,7676,1,7,0,0,0,2026,5,29
1683,3341,2,10,2,1,0,2026,2,9
1684,38162,3,8,2,3,0,2026,1,14
1685,7250,2,10,0,3,0,2026,3,19
1686,16011,0,5,1,3,0,2026,1,9
1687,2948,5,18,1,1,0,2026,5,24
1688,23101,3,13,0,3,0,2026,3,29
1689,3506,0,20,1,3,0,2026,2,28
1690,1926,5,19,1,4,0,2026,1,17
1691,6810,2,16,1,2,0,2026,2,7
1692,5006,5,14,2,1,0,2026,6,27
1693,8195,0,9,0,4,0,2026,4,23
1694,5106,0,5,1,3,0,2026,5,16
1695,24901,0,9,0,1,0,2026,6,18
1696,5482,2,16,2,0,0,2026,4,12
1697,5038,2,2,0,3,0,2026,5,24
1698,5816,1,12,1,4,0,2026,6,18
1699,6146,2,10,2,4,0,2026,3,1
1700,34410,3,13,2,2,0,2026,5,16
1701,16110,0,5,1,0,0,2026,1,30
1702,53682,4,17,1,1,1,2026,5,13
1703,5827,2,16,0,2,0,2026,4,22
1704,2945,1,3,0,3,0,2026,3,17
1705,33996,3,8,1,1,0,2026,5,1
1706,205,5,19,2,3,0,2026,5,27
1707,5091,2,10,2,3,0,2026,3,18
1708,9418,4,17,1,3,0,2026,4,15
1709,7470,4,6,1,2,0,2026,3,28
1710,8671,1,3,1,0,0,2026,4,4
1711,38920,3,11,1,2,0,2026,2,4
1712,47802,4,0,2,2,0,2026,1,13
1713,4918,2,16,1,1,0,2026,1,5
1714,1946,2,15,0,0,0,2026,4,21
1715,7158,2,10,1,3,0,2026,3,21
1716,39205,3,13,0,4,0,2026,3,1
1717,36735,3,13,2,3,0,2026,6,26
1718,55694,4,4,0,0,0,2026,4,2
1719,7649,2,10,2,4,0,2026,6,22
1720,5250,2,15,0,4,0,2026,2,24
1721,3228,0,9,2,2,0,2026,6,3
1722,7592,2,16,1,3,0,2026,3,9
1723,17645,3,8,0,4,0,2026,2,10
1724,8381,1,7,1,3,0,2026,3,10
1725,11605,1,3,0,2,0,2026,2,21
1726,15097,1,12,0,2,0,2026,3,23
1727,6334,2,2,1,4,0,2026,5,15
1728,22061,0,20,0,4,0,2026,5,30
1729,39080,3,11,1,3,0,2026,1,11
1730,18761,1,7,0,1,0,2026,1,12
1731,4238,2,16,0,0,0,2026,3,27
1732,12932,1,3,1,2,0,2026,4,5
1733,10407,1,7,0,2,0,2026,5,14
1734,38478,4,6,0,1,0,2026,6,11
1735,36789,4,4,2,1,0,2026,6,11
1736,27138,3,11,2,0,0,2026,6,17
1737,4853,0,20,2,0,0,2026,3,30
1738,279,5,1,1,0,0,2026,5,27
1739,5006,5,18,1,3,0,2026,2,15
1740,5568,2,10,2,1,0,2026,3,11
1741,10537,1,7,1,1,0,2026,3,11
1742,21530,0,5,2,2,0,2026,3,6
1743,4452,2,10,1,2,0,2026,2,4
1744,33675,4,0,0,3,0,2026,4,29
1745,4299,1,12,1,0,0,2026,2,13
1746,30406,3,13,2,1,0,2026,3,27
1747,8564,3,11,2,0,0,2026,6,28
1748,45046,4,4,1,3,0,2026,3,1
1749,41985,4,17,0,3,1,2026,5,9
1750,3616,2,16,1,2,0,2026,2,24
1751,25242,4,17,0,2,0,2026,6,26
1752,10430,1,12,1,0,0,2026,4,25
1753,2266,0,9,2,3,0,2026,1,24
1754,9814,1,12,1,2,0,2026,5,23
1755,15029,1,3,2,0,0,2026,3,19
1756,4650,3,11,1,4,1,2026,3,14
1757,1529,1,12,2,2,0,2026,2,5
1758,5088,0,20,2,3,0,2026,4,24
1759,4031,3,13,2,2,0,2026,1,18
1760,15773,0,9,2,3,0,2026,6,17
1761,4165,3,8,2,3,0,2026,3,29
1762,4263,5,14,1,1,0,2026,3,10
1763,15879,4,4,2,0,0,2026,6,29
1764,4059,5,14,1,0,0,2026,1,29
1765,19704,0,20,1,0,0,2026,3,14
1766,27630,4,4,1,3,0,2026,5,25
1767,6617,5,18,2,4,0,2026,5,22
1768,20667,3,13,1,4,0,2026,1,1
1769,3634,1,12,2,1,0,2026,5,29
1770,17077,3,8,0,4,0,2026,6,23
1771,14448,0,5,1,3,0,2026,1,1
1772,1288,1,7,1,0,0,2026,3,19
1773,7100,2,15,2,0,0,2026,2,4
1774,13448,3,13,2,3,1,2026,4,11
1775,223,5,14,2,2,0,2026,3,8
1776,12970,0,20,2,4,0,2026,3,10
1777,31509,4,17,2,1,0,2026,5,20
1778,12425,4,17,2,0,0,2026,3,4
1779,38072,4,17,2,4,0,2026,3,31
1780,25249,4,6,0,0,0,2026,6,19
1781,6654,2,2,1,3,0,2026,3,16
1782,4408,2,2,0,2,0,2026,2,16
1783,11967,1,3,0,2,0,2026,4,5
1784,26233,3,11,0,4,0,2026,4,4
1785,24387,3,8,1,4,0,2026,3,13
1786,1298,2,2,1,3,0,2026,6,5
1787,5337,5,18,2,0,0,2026,2,11
1788,14067,3,13,1,3,0,2026,3,5
1789,13793,3,11,1,1,0,2026,6,14
1790,6281,2,15,1,0,0,2026,5,30
1791,56192,4,4,2,2,0,2026,6,11
1792,9829,0,5,0,1,0,2026,5,7
1793,7793,3,11,1,0,0,2026,6,27
1794,7387,5,18,2,2,0,2026,2,14
1795,11791,1,12,1,0,0,2026,2,7
1796,43058,4,4,2,3,0,2026,2,28
1797,1682,1,12,2,2,0,2026,2,23
1798,6157,5,1,1,4,0,2026,3,14
1799,2028,5,14,1,2,0,2026,3,31
1800,6580,2,16,0,1,0,2026,1,5
1801,13516,1,7,2,4,0,2026,4,6
1802,4949,5,19,1,3,0,2026,3,29
1803,4022,5,18,2,3,0,2026,4,30
1804,3116,0,9,0,3,0,2026,5,6
1805,55527,4,6,0,4,0,2026,6,21
1806,12393,1,7,1,0,0,2026,3,25
1807,6289,5,18,1,1,0,2026,1,30
1808,51646,4,6,2,0,0,2026,6,14
1809,31454,3,13,0,4,0,2026,6,6
1810,13604,0,9,2,0,0,2026,5,27
1811,15575,4,4,1,2,0,2026,3,11
1812,17971,0,5,0,4,0,2026,3,1
1813,5959,3,8,1,0,0,2026,2,18
1814,2131,0,20,0,2,0,2026,5,4
1815,1265,5,14,1,0,0,2026,6,21
1816,3074,0,5,2,1,0,2026,3,4
1817,18936,0,9,1,4,0,2026,6,19
1818,33291,3,13,0,4,0,2026,3,23
1819,16146,0,20,0,0,0,2026,1,13
1820,9538,0,5,0,4,0,2026,3,26
1821,2373,2,16,2,1,0,2026,3,3
1822,29951,3,11,2,1,0,2026,6,21
1823,3196,5,1,1,1,0,2026,5,25
1824,27633,4,4,2,1,0,2026,1,10
1825,10277,4,17,0,1,0,2026,5,30
1826,15276,1,3,1,4,0,2026,3,5
1827,33788,3,8,0,4,0,2026,3,12
1828,32147,4,17,1,3,0,2026,1,9
1829,12489,3,11,1,4,0,2026,2,9
1830,740,5,1,0,1,0,2026,5,10
1831,10253,1,7,1,3,1,2026,5,11
1832,4790,5,1,1,4,0,2026,5,27
1833,5544,1,12,0,2,1,2026,3,13
1834,7582,2,15,1,0,0,2026,2,2
1835,7900,5,14,1,0,0,2026,5,21
1836,23508,0,20,0,2,0,2026,2,25
1837,1131,2,16,0,0,0,2026,3,22
1838,24588,0,9,2,1,0,2026,1,20
1839,18704,0,9,0,4,0,2026,3,28
1840,23445,3,8,2,4,0,2026,6,20
1841,4490,2,16,2,0,1,2026,3,21
1842,21010,0,5,2,1,0,2026,1,6
1843,31131,4,17,0,0,0,2026,4,30
1844,18573,3,11,1,3,0,2026,5,21
1845,8788,1,3,0,1,0,2026,1,26
1846,13743,0,5,1,3,0,2026,5,23
1847,7618,0,9,1,3,0,2026,3,17
1848,5752,1,3,2,0,0,2026,2,23
1849,13901,0,9,1,3,0,2026,3,25
1850,9829,1,3,1,4,0,2026,5,20
1851,5244,4,0,1,4,0,2026,5,8
1852,7974,2,10,0,4,0,2026,5,26
1853,21749,4,0,1,2,1,2026,2,22
1854,7578,5,1,0,4,0,2026,5,31
1855,5031,3,13,1,3,0,2026,4,1
1856,22085,0,20,1,3,0,2026,4,15
1857,6920,2,10,0,3,0,2026,1,17
1858,10705,3,11,2,2,0,2026,2,5
1859,6976,4,4,0,3,0,2026,5,28
1860,1370,5,19,0,0,0,2026,6,19
1861,53393,4,4,1,0,0,2026,4,8
1862,8872,3,11,0,3,0,2026,5,12
1863,10413,0,5,1,2,0,2026,3,11
1864,13752,0,20,2,0,0,2026,2,15
1865,10417,0,9,0,4,0,2026,4,27
1866,2129,1,12,2,1,0,2026,4,4
1867,21860,3,13,1,3,0,2026,6,19
1868,6965,4,4,2,4,0,2026,5,30
1869,3778,2,15,0,3,0,2026,1,30
1870,10412,0,5,2,1,0,2026,6,16
1871,15091,1,3,0,1,0,2026,3,18
1872,9233,0,5,1,0,0,2026,2,5
1873,852,5,1,2,2,0,2026,6,28
1874,11453,3,8,0,1,0,2026,1,7
1875,2739,2,15,2,1,0,2026,1,30
1876,4286,2,15,1,0,0,2026,5,19
1877,723,2,2,1,0,0,2026,1,13
1878,10562,4,4,2,3,0,2026,2,9
1879,10616,0,9,1,1,0,2026,3,10
1880,30446,3,11,0,3,0,2026,1,1
1881,24809,3,11,1,4,0,2026,2,2
1882,18707,4,4,0,2,0,2026,5,8
1883,11138,1,3,0,1,0,2026,2,25
1884,19625,1,3,2,3,0,2026,2,12
1885,35986,4,17,2,0,1,2026,3,6
1886,2426,5,1,0,4,0,2026,4,12
1887,7199,2,16,1,2,0,2026,1,12
1888,15618,4,6,1,1,0,2026,4,8
1889,1838,2,16,0,1,0,2026,1,26
1890,6538,5,1,2,3,0,2026,6,15
1891,34168,3,11,0,4,0,2026,3,18
1892,12324,0,5,1,2,0,2026,6,6
1893,24953,4,4,0,2,1,2026,4,30
1894,16612,1,3,2,1,0,2026,4,19
1895,9236,1,7,1,4,0,2026,4,26
1896,17793,4,6,0,1,0,2026,6,5
1897,20358,3,11,1,1,0,2026,3,8
1898,36074,3,13,0,4,0,2026,3,1
1899,14259,4,0,0,3,0,2026,3,10
1900,2401,2,15,2,0,1,2026,3,1
1901,14966,3,13,1,0,0,2026,6,13
1902,14165,1,7,1,2,0,2026,3,9
1903,3220,5,19,2,1,0,2026,1,19
1904,2117,1,7,1,1,0,2026,3,7
1905,12795,1,12,2,2,0,2026,1,5
1906,18306,1,12,1,3,0,2026,2,20
1907,26316,4,0,0,2,0,2026,5,26
1908,31870,3,11,2,1,0,2026,5,16
1909,15225,3,11,0,4,0,2026,1,4
1910,7247,2,15,2,2,0,2026,1,27
1911,3715,2,15,2,4,0,2026,3,8
1912,10992,4,0,0,1,0,2026,3,27
1913,5883,5,14,1,4,0,2026,2,10
1914,826,2,16,1,2,0,2026,4,12
1915,19123,3,11,2,0,0,2026,6,4
1916,7730,2,15,1,3,0,2026,6,27
1917,21544,3,11,2,0,0,2026,2,25
1918,2853,2,16,1,2,0,2026,4,19
1919,11374,0,5,2,2,1,2026,5,10
1920,31233,3,11,0,1,0,2026,3,4
1921,5683,5,1,0,4,0,2026,4,27
1922,44925,4,6,1,2,1,2026,1,11
1923,11591,1,12,0,1,0,2026,1,2
1924,528,2,16,2,0,0,2026,2,20
1925,28182,4,4,2,0,0,2026,3,10
1926,20936,0,9,1,4,0,2026,5,14
1927,4228,2,2,2,4,0,2026,2,6
1928,2077,2,15,2,1,0,2026,2,26
1929,33379,3,8,1,3,0,2026,4,17
1930,26015,3,8,2,3,0,2026,6,6
1931,4935,5,1,2,2,0,2026,3,17
1932,1087,1,7,1,2,0,2026,4,18
1933,14654,3,8,1,1,1,2026,5,28
1934,23541,3,11,1,2,0,2026,3,10
1935,1764,0,5,1,0,0,2026,2,23
1936,5165,1,3,2,1,0,2026,4,22
1937,3440,0,9,2,0,0,2026,5,16
1938,5462,2,15,0,4,0,2026,4,27
1939,3503,2,16,1,1,0,2026,2,22
1940,15893,3,13,1,3,1,2026,3,22
1941,6393,1,7,0,1,0,2026,4,5
1942,5136,5,19,0,0,0,2026,6,2
1943,53435,4,6,2,3,0,2026,4,14
1944,1003,5,19,0,3,0,2026,3,27
1945,25499,3,13,0,3,0,2026,2,22
1946,6018,2,16,2,0,0,2026,4,17
1947,2094,5,1,2,1,0,2026,6,28
1948,1089,5,19,0,3,0,2026,1,1
1949,9436,1,12,0,1,0,2026,6,12
1950,21302,4,0,2,0,1,2026,3,8
1951,3726,5,18,0,2,0,2026,3,20
1952,20169,0,5,0,0,0,2026,5,17
1953,19184,3,8,1,0,0,2026,4,15
1954,7724,2,10,1,1,0,2026,5,23
1955,1251,5,1,2,1,0,2026,3,4
1956,17893,0,5,1,4,0,2026,4,4
1957,16721,1,12,2,4,0,2026,5,3
1958,6786,5,19,2,0,1,2026,6,17
1959,12740,1,3,1,3,0,2026,6,19
1960,6369,2,2,2,3,0,2026,2,22
1961,5674,3,13,1,2,0,2026,5,16
1962,19358,3,13,0,0,0,2026,4,27
1963,3909,2,10,0,4,0,2026,5,30
1964,21150,0,20,1,2,1,2026,1,8
1965,3588,0,9,1,3,0,2026,5,4
1966,16359,1,3,1,1,0,2026,5,26
1967,1912,1,3,1,2,0,2026,2,6
1968,3802,2,10,2,0,0,2026,3,29
1969,3438,2,15,1,3,0,2026,5,19
1970,6757,0,20,1,2,0,2026,1,27
1971,4998,0,20,2,4,1,2026,2,26
1972,8816,1,3,1,0,0,2026,4,4
1973,7316,2,15,2,3,0,2026,4,2
1974,27910,4,6,2,3,0,2026,3,15
1975,19680,1,12,0,3,0,2026,5,14
1976,16943,1,7,1,0,0,2026,6,1
1977,54373,4,17,2,1,1,2026,4,27
1978,4550,0,9,1,3,0,2026,1,18
1979,21748,0,9,1,3,0,2026,3,9
1980,31554,3,11,2,3,0,2026,2,26
1981,29070,4,0,1,2,0,2026,1,2
1982,8573,0,5,1,2,0,2026,3,7
1983,7935,2,15,0,3,0,2026,4,20
1984,3877,5,14,0,2,0,2026,5,24
1985,10417,1,7,0,0,0,2026,5,26
1986,5439,1,12,0,1,0,2026,4,17
1987,8890,4,17,2,1,0,2026,3,26
1988,7327,2,16,0,4,0,2026,5,3
1989,6312,2,2,1,2,0,2026,3,15
1990,39572,4,0,2,0,0,2026,4,2
1991,8797,1,7,0,4,0,2026,3,16
1992,45074,4,4,2,3,0,2026,1,31
1993,1643,5,19,0,3,0,2026,1,8
1994,17952,0,5,0,1,0,2026,3,20
1995,6350,1,12,2,3,0,2026,2,27
1996,12648,0,5,1,4,0,2026,5,12
1997,6938,5,18,1,0,0,2026,6,8
1998,4294,5,1,2,2,0,2026,5,8
1999,20150,0,5,0,0,0,2026,2,4
2000,5460,5,19,2,4,0,2026,5,27
2001,18496,3,11,0,2,0,2026,5,24
2002,6445,3,11,1,4,0,2026,3,15
2003,707,2,10,0,0,0,2026,3,27
2004,8642,1,3,2,4,0,2026,6,16
2005,40939,4,6,0,0,1,2026,5,18
2006,9107,3,11,0,4,1,2026,5,17
2007,46010,4,6,1,4,0,2026,5,27
2008,1446,1,3,2,0,0,2026,5,14
2009,1200,1,12,0,3,0,2026,1,23
2010,3691,2,2,2,3,0,2026,3,9
2011,2522,0,5,0,4,0,2026,2,22
2012,1840,1,12,1,3,0,2026,1,19
2013,9355,3,8,2,3,0,2026,5,10
2014,6273,0,5,0,4,0,2026,5,12
2015,4959,2,2,1,1,0,2026,3,22
2016,13865,1,12,2,0,0,2026,3,25
2017,1044,2,2,0,1,0,2026,1,4
2018,5427,5,18,2,4,0,2026,6,16
2019,10838,3,8,1,3,0,2026,2,8
2020,3643,5,1,1,0,0,2026,1,10
2021,7697,0,9,0,3,0,2026,1,10
2022,14862,1,7,1,0,0,2026,3,24
2023,5895,1,7,0,0,0,2026,4,7
2024,56221,4,17,0,3,1,2026,4,24
2025,15003,1,7,2,2,0,2026,5,26
2026,35886,3,8,1,3,0,2026,1,21
2027,7666,3,11,2,2,0,2026,3,5
2028,55250,4,4,2,1,0,2026,5,23
2029,21071,4,17,1,3,1,2026,4,20
2030,36576,3,11,1,4,1,2026,4,3
2031,3650,2,15,2,4,0,2026,2,24
2032,1573,1,3,0,3,0,2026,6,10
2033,16657,1,7,1,0,0,2026,3,26
2034,24753,4,17,1,0,0,2026,1,22
2035,4476,1,7,1,2,0,2026,1,23
2036,1949,2,15,0,4,0,2026,3,28
2037,3454,2,15,2,1,1,2026,1,30
2038,18079,3,13,0,1,0,2026,4,4
2039,5184,1,3,1,0,0,2026,3,4
2040,56137,4,17,0,4,0,2026,3,8
2041,6330,5,19,0,4,0,2026,6,25
2042,46950,4,6,1,4,0,2026,3,5
2043,15388,0,9,1,1,0,2026,5,9
2044,7625,5,1,2,1,0,2026,6,24
2045,26318,4,17,2,4,0,2026,3,2
2046,21090,3,8,2,4,0,2026,4,30
2047,6225,2,10,2,0,0,2026,6,21
2048,8293,1,12,0,1,0,2026,5,11
2049,9791,0,9,2,2,0,2026,4,5
2050,7886,5,14,0,0,0,2026,1,16
2051,9895,1,12,1,2,0,2026,6,18
2052,32338,3,13,2,0,1,2026,6,15
2053,16582,3,8,2,1,0,2026,5,5
2054,7007,2,10,2,3,0,2026,2,28
2055,10533,0,20,2,3,0,2026,5,26
2056,7475,5,18,0,0,0,2026,4,24
2057,4398,1,12,0,1,0,2026,3,14
2058,2586,2,16,1,2,1,2026,4,11
2059,1740,5,19,2,3,0,2026,1,1
2060,31436,4,6,2,3,0,2026,6,24
2061,21258,4,6,1,2,0,2026,4,1
2062,6060,1,7,2,1,1,2026,1,29
2063,11757,3,8,2,0,0,2026,1,31
2064,25873,4,6,0,3,0,2026,4,23
2065,23440,0,9,1,4,0,2026,1,30
2066,6429,5,1,0,3,0,2026,5,3
2067,5407,0,9,2,0,0,2026,5,7
2068,2196,5,14,0,2,0,2026,3,2
2069,36296,3,8,1,0,0,2026,5,2
2070,7280,2,10,0,0,0,2026,3,11
2071,15936,1,12,2,4,0,2026,1,31
2072,18132,3,13,0,0,0,2026,1,11
2073,19037,4,17,1,2,0,2026,1,1
2074,3472,1,7,2,2,0,2026,4,5
2075,33963,3,13,1,0,0,2026,4,18
2076,17812,1,7,0,3,0,2026,4,11
2077,31745,3,11,2,4,1,2026,5,1
2078,13311,3,13,1,2,0,2026,4,5
2079,7344,3,8,1,2,0,2026,6,29
2080,26198,3,13,2,2,0,2026,5,7
2081,4440,3,11,1,2,1,2026,2,10
2082,2947,1,3,2,1,0,2026,4,26
2083,4286,3,8,1,4,0,2026,6,10
2084,14739,4,0,1,4,0,2026,6,20
2085,24940,0,9,1,2,0,2026,6,15
2086,5341,2,10,1,1,0,2026,4,30
2087,3066,2,10,1,1,0,2026,1,19
2088,14445,1,12,1,3,0,2026,5,15
2089,16885,3,13,1,0,0,2026,1,1
2090,23943,0,20,2,1,0,2026,6,28
2091,9712,0,20,1,0,0,2026,5,29
2092,44664,4,4,0,2,0,2026,4,6
2093,6387,5,18,0,2,1,2026,3,21
2094,3271,2,16,1,1,0,2026,2,12
2095,30471,3,8,1,2,0,2026,5,28
2096,11629,3,13,1,1,0,2026,6,28
2097,20476,3,11,1,3,0,2026,1,5
2098,1397,0,20,2,3,0,2026,2,24
2099,9994,4,6,1,4,0,2026,3,6
2100,15602,3,13,2,4,0,2026,6,13
2101,626,5,18,0,0,0,2026,5,29
2102,3810,0,20,0,3,0,2026,3,22
2103,2066,5,14,2,3,0,2026,6,23
2104,4246,2,15,2,3,0,2026,1,25
2105,36080,4,6,1,0,0,2026,5,27
2106,9929,0,5,0,0,0,2026,3,22
2107,19371,4,6,2,3,0,2026,4,3
2108,37544,4,0,1,4,0,2026,5,13
2109,1176,5,1,1,4,0,2026,1,28
2110,21666,0,9,1,4,0,2026,2,14
2111,5618,5,1,2,3,0,2026,5,24
2112,1200,2,15,2,2,0,2026,3,10
2113,1409,2,2,1,2,0,2026,5,12
2114,36365,3,13,2,0,0,2026,4,16
2115,10601,1,12,1,3,0,2026,5,8
2116,4428,1,3,2,1,0,2026,3,25
2117,5288,5,1,2,2,0,2026,6,23
2118,1829,2,2,2,4,0,2026,1,28
2119,38126,3,13,0,2,0,2026,1,13
2120,5372,2,16,1,4,0,2026,1,4
2121,3387,5,19,2,1,0,2026,5,25
2122,4192,2,10,2,2,0,2026,3,10
2123,6413,2,10,2,4,0,2026,6,26
2124,22181,0,9,1,2,0,2026,5,21
2125,5495,2,2,0,4,0,2026,3,28
2126,59155,4,4,1,3,0,2026,6,14
2127,10550,1,3,2,1,0,2026,3,29
2128,35377,4,6,1,0,0,2026,6,19
2129,12756,3,8,1,0,0,2026,4,1
2130,14880,1,7,2,4,0,2026,6,10
2131,37301,4,6,1,0,0,2026,3,4
2132,18334,3,13,2,0,0,2026,3,9
2133,3900,5,19,0,2,0,2026,3,20
2134,22882,0,9,0,0,0,2026,5,26
2135,19581,4,0,0,0,0,2026,1,29
2136,15323,0,20,1,2,0,2026,1,29
2137,10737,1,7,0,1,0,2026,3,19
2138,58727,4,6,1,3,0,2026,5,24
2139,33090,4,6,2,2,0,2026,5,18
2140,5032,5,18,0,3,0,2026,2,20
2141,2297,0,5,2,4,0,2026,2,28
2142,19906,0,20,0,4,0,2026,6,10
2143,18749,0,5,2,0,0,2026,3,1
2144,6888,2,2,2,4,0,2026,4,24
2145,7899,0,5,1,0,0,2026,3,30
2146,1928,2,2,0,3,0,2026,6,9
2147,20438,0,9,1,3,0,2026,1,28
2148,893,2,15,2,0,0,2026,6,11
2149,455,5,18,0,1,0,2026,4,22
2150,3870,2,2,2,4,0,2026,1,13
2151,44692,4,17,1,3,1,2026,1,6
2152,34831,4,6,0,2,0,2026,3,16
2153,5381,3,11,1,4,0,2026,5,13
2154,56417,4,17,0,0,1,2026,1,24
2155,17646,3,11,1,1,0,2026,3,24
2156,11047,0,5,0,3,0,2026,4,13
2157,4870,5,19,0,3,0,2026,6,1
2158,21027,3,11,2,4,0,2026,3,18
2159,11700,3,11,0,0,0,2026,4,4
2160,27330,3,11,1,0,0,2026,4,18
2161,10236,1,3,2,0,0,2026,3,8
2162,23976,0,9,1,4,0,2026,4,11
2163,14608,0,9,2,1,0,2026,5,25
2164,4262,5,19,0,1,0,2026,6,21
2165,1613,5,19,0,4,0,2026,5,13
2166,14462,1,3,1,1,0,2026,1,26
2167,5304,5,14,0,1,0,2026,4,18
2168,24236,0,9,0,3,0,2026,4,22
2169,1497,0,9,1,0,0,2026,5,16
2170,20167,3,11,1,0,1,2026,2,25
2171,6618,2,10,2,2,0,2026,5,2
2172,22356,4,4,1,4,0,2026,6,9
2173,11878,3,11,1,3,0,2026,3,1
2174,15543,0,9,1,2,1,2026,1,10
2175,7625,0,5,0,4,0,2026,3,15
2176,660,2,2,2,0,0,2026,6,11
2177,12743,0,9,0,2,0,2026,3,22
2178,5263,5,19,0,4,0,2026,1,25
2179,2762,5,19,0,3,0,2026,3,18
2180,4354,5,18,2,2,0,2026,2,24
2181,4686,5,1,2,2,0,2026,3,23
2182,15997,4,0,0,4,0,2026,5,6
2183,10299,0,9,0,1,0,2026,2,3
2184,2893,2,15,1,1,0,2026,4,19
2185,7584,5,18,2,2,0,2026,6,28
2186,32813,3,11,2,3,0,2026,6,9
2187,4715,2,2,1,4,0,2026,4,7
2188,4702,0,9,0,4,0,2026,4,12
2189,3870,5,14,2,3,0,2026,1,12
2190,12036,4,4,1,1,0,2026,6,16
2191,913,2,10,2,3,0,2026,2,8
2192,6397,1,3,2,0,0,2026,1,31
2193,17904,0,5,0,3,0,2026,5,22
2194,15501,3,13,2,1,0,2026,3,3
2195,5287,5,19,1,0,0,2026,5,19
2196,7708,5,14,1,2,0,2026,1,21
2197,5462,0,20,1,0,0,2026,1,16
2198,2551,2,15,2,1,0,2026,4,24
2199,49058,4,17,2,1,1,2026,3,12
2200,7520,2,16,0,3,0,2026,4,14
2201,20394,0,20,2,0,0,2026,3,1
2202,6003,2,2,2,0,0,2026,2,16
2203,2899,0,5,0,4,0,2026,1,23
2204,15343,3,8,0,3,0,2026,4,23
2205,3140,2,16,2,4,0,2026,3,26
2206,22464,0,20,2,4,0,2026,2,20
2207,14103,0,5,0,3,0,2026,2,23
2208,8241,3,11,2,3,1,2026,1,2
2209,3184,5,14,0,3,0,2026,6,24
2210,1582,2,10,0,2,0,2026,3,16
2211,1678,2,15,0,2,0,2026,2,21
2212,4694,5,1,1,0,0,2026,2,19
2213,45446,4,6,1,0,0,2026,4,19
2214,52829,4,17,0,3,1,2026,1,6
2215,15501,1,3,0,0,0,2026,3,20
2216,11063,1,7,1,2,0,2026,4,25
2217,23176,0,9,2,4,0,2026,1,24
2218,22628,0,20,1,1,0,2026,2,17
2219,4716,2,15,1,0,1,2026,2,8
2220,24730,3,11,2,4,0,2026,4,1
2221,1198,5,1,1,1,0,2026,6,18
2222,15717,1,3,0,0,0,2026,1,28
2223,414,5,1,0,0,0,2026,4,14
2224,31033,3,13,1,3,0,2026,5,30
2225,6236,5,18,2,0,0,2026,2,8
2226,38390,4,6,2,2,0,2026,3,14
2227,15388,0,9,2,3,0,2026,5,10
2228,504,2,10,2,1,0,2026,6,20
2229,5705,3,8,2,3,0,2026,3,22
2230,39776,3,13,1,2,0,2026,4,2
2231,27505,3,13,0,4,0,2026,3,11
2232,2255,2,10,0,3,0,2026,3,15
2233,41699,4,17,1,2,1,2026,3,6
2234,9100,1,12,0,0,0,2026,3,31
2235,4143,5,1,1,4,0,2026,2,11
2236,14876,1,12,1,4,0,2026,6,16
2237,21381,0,20,1,0,0,2026,6,11
2238,7753,1,7,2,4,0,2026,5,26
2239,1969,5,14,1,1,0,2026,1,4
2240,3574,5,14,2,3,0,2026,3,10
2241,21600,0,5,1,1,0,2026,1,26
2242,43999,4,6,1,0,0,2026,3,25
2243,18703,0,9,1,4,0,2026,2,13
2244,5379,4,17,2,1,0,2026,4,1
2245,2267,5,1,2,4,0,2026,3,18
2246,5560,0,5,0,2,0,2026,2,12
2247,26244,3,13,0,2,0,2026,3,10
2248,7061,0,9,0,1,0,2026,4,8
2249,3154,3,11,1,0,0,2026,4,25
2250,34964,3,13,0,3,0,2026,5,4
2251,7675,2,2,1,3,0,2026,5,28
2252,22763,3,13,0,2,0,2026,5,1
2253,5925,5,19,1,4,0,2026,6,23
2254,14881,1,3,1,2,0,2026,5,30
2255,18684,4,0,1,3,0,2026,1,5
2256,1706,2,2,1,0,0,2026,5,31
2257,39844,4,17,0,0,0,2026,5,11
2258,1528,5,1,2,4,0,2026,2,16
2259,42849,4,0,0,0,0,2026,5,2
2260,6493,5,14,2,3,1,2026,6,8
2261,19348,1,12,2,4,0,2026,6,17
2262,39032,4,4,0,0,0,2026,1,30
2263,33888,3,11,1,1,0,2026,3,23
2264,7493,0,5,1,0,0,2026,3,9
2265,4898,2,2,2,0,0,2026,6,26
2266,7961,0,20,2,1,0,2026,1,14
2267,5443,2,16,0,1,0,2026,3,28
2268,9049,3,11,1,2,0,2026,4,21
2269,27615,4,6,0,4,0,2026,6,10
2270,660,5,19,0,2,0,2026,4,28
2271,14548,1,12,1,0,0,2026,3,13
2272,3423,2,15,0,4,0,2026,1,14
2273,1744,2,2,1,0,0,2026,4,20
2274,12521,1,3,0,0,0,2026,6,29
2275,11331,0,9,0,1,0,2026,5,29
2276,13851,1,12,2,2,0,2026,2,22
2277,5379,2,10,2,0,0,2026,5,13
2278,325,5,18,2,0,0,2026,6,2
2279,5571,4,17,2,2,0,2026,6,1
2280,21715,3,8,1,1,0,2026,5,15
2281,3183,2,10,2,2,0,2026,3,30
2282,4774,1,7,2,3,0,2026,1,26
2283,24376,0,9,2,0,0,2026,6,3
2284,18121,1,12,0,1,0,2026,4,13
2285,18685,1,12,1,2,0,2026,2,6
2286,10155,0,5,0,2,0,2026,4,10
2287,17424,0,9,0,4,0,2026,5,1
2288,1105,5,14,1,3,0,2026,6,10
2289,29769,4,17,1,2,0,2026,2,28
2290,19117,3,11,2,2,0,2026,2,2
2291,14730,1,7,0,4,0,2026,2,10
2292,21395,4,17,2,2,0,2026,2,4
2293,4012,2,2,2,3,0,2026,1,2
2294,7447,4,17,2,4,0,2026,4,19
2295,3611,5,19,0,0,0,2026,4,16
2296,45198,4,4,1,4,1,2026,5,21
2297,8689,3,8,1,2,0,2026,2,9
2298,1187,2,10,2,0,0,2026,1,6
2299,14612,0,5,2,1,1,2026,6,24
2300,12618,1,3,1,4,0,2026,1,9
2301,3321,2,2,1,3,0,2026,2,4
2302,6522,5,19,2,1,0,2026,3,11
2303,32858,4,6,2,1,0,2026,1,25
2304,19541,3,8,0,1,0,2026,1,3
2305,3849,5,19,1,2,0,2026,4,7
2306,36447,3,11,1,3,0,2026,5,18
2307,2444,2,2,1,4,0,2026,6,15
2308,3265,2,10,0,3,0,2026,4,29
2309,16170,0,9,0,2,0,2026,5,7
2310,3766,2,15,1,2,0,2026,5,25
2311,1092,0,9,1,4,0,2026,6,8
2312,2749,5,18,2,1,0,2026,5,3
2313,3375,5,1,1,0,0,2026,4,16
2314,3344,5,18,0,0,0,2026,5,1
2315,1524,0,5,2,4,0,2026,5,10
2316,57980,4,0,0,0,0,2026,6,21
2317,9622,0,9,2,0,0,2026,2,15
2318,18269,0,20,1,0,0,2026,2,6
2319,20422,3,11,2,2,0,2026,3,20
2320,4799,5,19,1,4,0,2026,4,8
2321,41462,4,17,0,4,1,2026,4,18
2322,6616,2,16,1,1,0,2026,2,8
2323,5187,4,6,2,2,0,2026,4,12
2324,15759,1,3,1,0,0,2026,3,8
2325,12538,0,9,1,2,0,2026,2,5
2326,16724,1,3,2,0,0,2026,2,18
2327,7302,2,15,2,2,0,2026,6,28
2328,8923,3,13,1,2,0,2026,4,24
2329,24175,3,11,0,2,0,2026,2,23
2330,32510,3,8,1,3,0,2026,2,27
2331,1053,2,16,0,1,0,2026,3,16
2332,3783,5,18,1,0,0,2026,5,21
2333,14153,1,12,2,2,0,2026,3,3
2334,4840,5,1,1,0,0,2026,5,27
2335,2875,0,9,2,4,1,2026,2,12
2336,5376,2,2,2,3,0,2026,6,16
2337,3501,5,18,1,1,0,2026,2,13
2338,7778,2,15,1,3,0,2026,3,10
2339,9251,3,13,0,3,0,2026,2,16
2340,959,2,15,1,0,0,2026,4,24
2341,7826,0,9,2,0,0,2026,6,12
2342,49042,4,6,2,0,1,2026,3,8
2343,3787,2,2,1,4,0,2026,3,21
2344,44768,4,6,0,0,0,2026,3,25
2345,20858,4,4,0,2,0,2026,6,7
2346,18946,4,17,0,4,0,2026,6,17
2347,3312,2,2,0,0,0,2026,6,18
2348,20147,0,9,0,3,1,2026,2,27
2349,5480,2,16,0,3,0,2026,3,12
2350,21117,0,5,1,0,0,2026,3,9
2351,38008,4,17,0,3,0,2026,2,16
2352,13611,1,3,0,4,0,2026,5,25
2353,27901,4,17,2,0,0,2026,2,9
2354,11740,3,8,1,3,0,2026,1,1
2355,2708,0,5,1,3,1,2026,4,30
2356,29067,3,11,1,1,0,2026,5,26
2357,13316,1,3,0,1,0,2026,1,13
2358,7955,2,15,2,0,0,2026,1,13
2359,36805,3,13,2,2,0,2026,6,16
2360,23022,0,9,1,2,0,2026,2,20
2361,5470,2,2,1,2,0,2026,3,22
2362,47772,4,0,1,1,0,2026,1,13
2363,14216,3,8,0,1,0,2026,6,24
2364,1489,5,19,2,4,0,2026,3,31
2365,17017,0,20,1,2,0,2026,1,21
2366,2279,1,3,0,3,0,2026,5,28
2367,44022,4,0,1,2,0,2026,3,30
2368,7227,2,16,2,4,0,2026,4,10
2369,15195,1,12,0,2,0,2026,1,8
2370,16730,3,13,1,1,0,2026,5,21
2371,1147,0,5,2,3,0,2026,6,21
2372,6304,5,1,0,0,0,2026,1,7
2373,18363,1,3,1,0,0,2026,3,11
2374,5064,5,18,0,0,0,2026,6,5
2375,7926,3,13,0,1,0,2026,2,16
2376,34560,3,11,0,2,0,2026,4,17
2377,770,5,1,2,3,0,2026,6,19
2378,10024,0,9,2,2,0,2026,3,19
2379,5296,2,15,0,4,0,2026,4,1
2380,20997,0,9,0,1,0,2026,2,12
2381,38252,3,8,1,1,0,2026,5,16
2382,14722,1,7,0,4,0,2026,4,15
2383,30482,4,4,2,3,0,2026,1,12
2384,39416,3,8,1,1,0,2026,5,26
2385,30686,4,6,1,1,0,2026,2,14
2386,22653,0,5,1,0,0,2026,3,21
2387,24200,0,20,1,1,0,2026,1,5
2388,10407,4,0,0,1,0,2026,1,8
2389,3605,5,1,0,0,0,2026,5,27
2390,33419,4,17,2,2,0,2026,2,3
2391,19058,1,3,0,4,0,2026,5,31
2392,13758,0,20,2,3,0,2026,5,28
2393,11046,3,8,0,0,0,2026,2,7
2394,19279,0,20,0,3,0,2026,3,7
2395,11406,1,7,2,3,1,2026,3,31
2396,7946,2,10,2,3,0,2026,5,16
2397,13842,3,13,1,2,0,2026,4,2
2398,9972,1,12,0,0,0,2026,5,8
2399,11898,1,7,0,3,0,2026,3,11
2400,13828,1,7,2,0,0,2026,5,19
2401,3243,2,10,2,3,0,2026,5,25
2402,2656,5,18,2,2,0,2026,4,22
2403,643,2,2,1,3,0,2026,1,10
2404,13971,1,3,2,1,0,2026,3,28
2405,15924,1,7,2,3,1,2026,2,20
2406,4439,1,3,2,1,0,2026,5,6
2407,29580,4,4,0,3,0,2026,6,29
2408,4621,2,10,0,4,0,2026,2,8
2409,5781,2,16,2,0,0,2026,2,10
2410,22556,0,9,1,0,0,2026,2,4
2411,4062,1,3,1,1,0,2026,5,6
2412,7230,3,13,1,4,0,2026,5,19
2413,3341,3,11,2,0,0,2026,2,1
2414,6422,0,20,1,4,0,2026,1,22
2415,4900,2,15,0,2,0,2026,3,23
2416,1445,5,1,0,1,0,2026,4,9
2417,9623,1,3,0,3,0,2026,3,28
2418,19650,3,8,2,3,0,2026,1,20
2419,7620,2,16,0,3,0,2026,4,5
2420,2833,2,16,1,0,0,2026,5,5
2421,54654,4,6,0,4,1,2026,6,8
2422,3731,5,1,2,1,0,2026,5,19
2423,22343,0,5,2,0,0,2026,5,15
2424,38854,4,6,0,2,0,2026,1,14
2425,7286,0,5,0,1,0,2026,4,14
2426,37000,4,0,0,0,0,2026,1,25
2427,4598,2,16,2,0,0,2026,5,23
2428,11372,3,11,0,0,0,2026,3,26
2429,7599,5,18,0,3,0,2026,5,2
2430,27792,4,17,1,2,0,2026,3,2
2431,3671,2,10,1,3,0,2026,3,6
2432,34527,4,6,2,1,1,2026,3,6
2433,19871,1,3,0,0,0,2026,1,16
2434,12455,0,20,1,2,0,2026,3,23
2435,34657,3,11,1,3,0,2026,3,29
2436,36950,3,8,0,2,0,2026,3,30
2437,7437,0,20,1,3,0,2026,6,15
2438,3956,3,13,2,0,0,2026,1,9
2439,5197,5,18,0,4,0,2026,3,11
2440,19880,0,9,1,2,0,2026,2,6
2441,4920,2,15,1,3,0,2026,2,11
2442,31657,3,11,1,4,0,2026,1,1
2443,7570,0,5,0,0,0,2026,5,16
2444,7145,1,3,0,3,0,2026,6,4
2445,58183,4,17,0,2,0,2026,5,31
2446,32917,3,11,1,3,0,2026,1,26
2447,2681,1,12,2,2,0,2026,4,28
2448,23813,0,5,0,4,0,2026,6,2
2449,6012,1,12,1,4,0,2026,3,24
2450,45078,4,4,1,2,0,2026,6,8
2451,34460,3,11,1,4,0,2026,3,9
2452,2623,2,16,1,2,0,2026,1,7
2453,19061,1,12,1,1,0,2026,6,8
2454,5567,1,12,0,4,0,2026,6,9
2455,2044,1,12,2,1,0,2026,2,18
2456,3933,2,16,1,4,0,2026,2,3
2457,7460,2,15,0,1,0,2026,3,2
2458,42194,4,17,1,1,1,2026,4,4
2459,737,2,15,0,4,0,2026,2,5
2460,4160,2,10,2,0,0,2026,2,7
2461,34655,3,11,1,3,0,2026,3,9
2462,637,5,14,1,2,0,2026,4,5
2463,26251,3,11,0,0,0,2026,5,19
2464,2837,1,12,0,4,0,2026,2,1
2465,10452,0,9,2,3,0,2026,1,6
2466,13629,1,7,2,0,0,2026,1,30
2467,57485,4,0,2,4,0,2026,2,24
2468,19017,0,9,2,3,0,2026,5,26
2469,7819,5,18,0,2,0,2026,1,11
2470,46177,4,6,1,0,1,2026,1,1
2471,8663,3,8,2,4,0,2026,4,3
2472,3516,5,19,1,3,0,2026,1,10
2473,2352,5,18,1,4,0,2026,1,3
2474,13076,1,3,1,2,0,2026,1,31
2475,5615,2,15,1,2,0,2026,3,5
2476,33860,4,6,0,4,0,2026,3,27
2477,12851,0,9,2,0,0,2026,5,14
2478,33958,3,8,1,2,0,2026,2,18
2479,19577,0,5,2,0,1,2026,3,23
2480,5453,1,7,0,2,0,2026,4,2
2481,25072,4,17,0,3,0,2026,2,5
2482,6357,2,2,0,1,0,2026,6,12
2483,38809,3,11,2,4,1,2026,6,21
2484,3372,5,19,2,0,0,2026,6,11
2485,5335,5,19,1,2,0,2026,3,6
2486,7986,5,1,0,4,0,2026,2,23
2487,8298,1,12,2,0,0,2026,4,13
2488,11557,3,13,2,3,1,2026,4,25
2489,26814,3,11,1,4,0,2026,6,2
2490,4056,2,16,2,1,0,2026,2,7
2491,23067,3,11,0,2,0,2026,1,9
2492,10670,0,5,2,4,1,2026,3,5
2493,19862,1,3,0,4,0,2026,5,30
2494,36583,3,8,2,2,0,2026,6,19
2495,3041,5,18,1,2,0,2026,4,1
2496,7843,5,19,1,1,0,2026,1,21
2497,17152,1,3,0,0,0,2026,2,27
2498,13046,4,4,0,3,0,2026,6,1
2499,13468,1,7,1,3,0,2026,6,21
2500,33103,3,8,0,0,0,2026,5,3
2501,11390,4,4,1,4,0,2026,2,24
2502,8187,0,20,2,4,0,2026,2,14
2503,56182,4,17,1,4,0,2026,5,26
2504,6186,2,2,0,3,0,2026,1,19
2505,23480,0,20,1,1,0,2026,6,4
2506,5348,0,5,0,4,0,2026,1,13
2507,1843,1,12,0,0,0,2026,2,25
2508,7417,2,15,1,4,0,2026,1,3
2509,9662,1,7,2,4,0,2026,2,14
2510,6307,2,2,0,4,0,2026,3,25
2511,4660,5,14,2,2,0,2026,1,31
2512,6355,5,18,0,3,0,2026,1,9
2513,3823,2,10,2,3,1,2026,2,18
2514,6556,2,2,1,3,0,2026,3,18
2515,7276,4,4,1,1,0,2026,3,10
2516,2140,1,7,0,2,0,2026,4,19
2517,305,5,14,2,1,0,2026,4,19
2518,13604,1,7,1,4,0,2026,3,31
2519,14360,0,5,0,1,0,2026,2,5
2520,4745,5,14,2,3,0,2026,2,21
2521,18990,1,3,0,3,0,2026,6,27
2522,4681,5,18,2,2,0,2026,2,19
2523,23034,3,8,0,0,0,2026,5,22
2524,10390,4,6,1,2,0,2026,1,11
2525,12338,0,9,1,4,0,2026,2,17
2526,35727,4,4,1,2,0,2026,6,9
2527,16307,0,20,1,3,1,2026,1,11
2528,18997,1,12,1,2,0,2026,5,9
2529,12789,0,9,0,1,0,2026,1,24
2530,25660,4,4,0,1,0,2026,6,21
2531,13109,1,7,2,2,0,2026,6,11
2532,43383,4,0,2,4,0,2026,3,18
2533,4462,2,16,2,1,0,2026,4,3
2534,5891,4,6,0,3,0,2026,2,20
2535,5774,2,15,0,0,0,2026,3,30
2536,17096,1,7,1,2,0,2026,5,14
2537,4434,2,15,1,2,0,2026,6,20
2538,13830,1,12,1,0,0,2026,6,15
2539,6942,5,14,2,3,0,2026,5,29
2540,4018,2,2,0,4,0,2026,3,14
2541,4832,2,16,1,1,0,2026,4,22
2542,1653,2,16,1,1,0,2026,3,2
2543,19242,0,5,0,3,0,2026,5,19
2544,31230,3,8,0,4,0,2026,2,13
2545,14090,0,5,1,2,0,2026,3,11
2546,35159,3,11,0,1,0,2026,4,18
2547,6611,2,2,0,3,0,2026,4,10
2548,7897,1,3,2,0,0,2026,5,22
2549,21976,4,6,1,2,0,2026,5,22
2550,19001,0,5,2,2,0,2026,1,9
2551,1541,2,15,0,0,0,2026,3,30
2552,36234,4,6,0,3,0,2026,1,3
2553,16577,3,13,2,2,0,2026,5,13
2554,21115,3,13,0,1,0,2026,4,5
2555,16604,0,5,1,1,0,2026,6,2
2556,43551,4,17,2,0,1,2026,5,4
2557,15787,1,3,2,0,0,2026,6,4
2558,5496,2,2,1,1,0,2026,3,17
2559,7368,2,15,0,2,0,2026,4,21
2560,10532,1,3,1,3,0,2026,3,1
2561,6926,2,16,1,3,0,2026,1,2
2562,16164,0,20,1,2,0,2026,1,7
2563,7974,5,18,2,2,0,2026,2,26
2564,6482,2,15,0,1,0,2026,3,24
2565,5125,0,20,0,2,0,2026,1,13
2566,6402,1,3,2,3,0,2026,3,13
2567,51948,4,0,2,1,0,2026,5,3
2568,1906,2,2,0,2,0,2026,4,22
2569,24816,0,9,1,2,0,2026,3,27
2570,8490,1,12,0,0,0,2026,6,22
2571,6087,5,18,2,4,0,2026,3,5
2572,1137,1,3,2,2,0,2026,5,13
2573,2834,2,15,0,0,0,2026,2,20
2574,7391,5,18,0,0,0,2026,1,31
2575,15317,4,4,1,4,0,2026,2,19
2576,5327,1,12,1,4,0,2026,3,28
2577,7871,2,15,0,2,0,2026,4,25
2578,13825,1,12,1,2,0,2026,2,13
2579,14798,1,3,2,1,0,2026,2,8
2580,5194,5,14,2,0,0,2026,2,28
2581,15032,0,5,2,2,1,2026,1,5
2582,15240,0,20,1,3,1,2026,4,27
2583,18211,3,13,0,3,0,2026,1,12
2584,27689,4,6,0,0,0,2026,5,31
2585,33946,3,13,1,4,0,2026,5,22
2586,7928,0,5,2,3,0,2026,3,21
2587,8454,0,5,1,3,0,2026,6,15
2588,3909,5,1,2,3,1,2026,4,27
2589,43718,4,6,1,0,0,2026,3,25
2590,6805,3,8,0,2,0,2026,2,7
2591,8073,1,3,1,3,0,2026,2,23
2592,4651,2,15,0,0,0,2026,5,28
2593,2912,2,2,0,3,0,2026,5,24
2594,3348,2,10,1,4,0,2026,2,8
2595,11788,1,7,1,4,0,2026,6,17
2596,15942,3,13,0,3,0,2026,6,14
2597,2475,2,10,1,3,0,2026,2,6
2598,4760,3,11,2,0,0,2026,5,24
2599,34578,4,6,0,3,0,2026,5,27
2600,13624,1,7,2,3,0,2026,2,3
2601,4209,5,14,0,3,0,2026,1,10
2602,52741,4,17,1,1,0,2026,6,12
2603,8945,0,9,0,3,0,2026,1,28
2604,28027,4,0,1,1,0,2026,2,11
2605,3749,2,15,2,0,0,2026,2,5
2606,47353,4,17,0,2,0,2026,5,22
2607,12010,4,0,1,1,0,2026,2,20
2608,49437,4,4,1,0,0,2026,2,14
2609,3925,5,19,0,3,0,2026,6,12
2610,5809,0,5,1,4,0,2026,4,21
2611,37103,4,0,2,2,0,2026,2,1
2612,5026,0,5,0,1,0,2026,1,3
2613,3156,3,11,0,1,0,2026,1,19
2614,2116,0,9,0,0,0,2026,2,27
2615,54965,4,0,0,3,0,2026,2,28
2616,6516,1,3,2,4,0,2026,5,21
2617,21051,0,20,0,2,0,2026,6,1
2618,8863,1,3,1,4,0,2026,3,31
2619,19852,1,3,0,0,0,2026,6,16
2620,1638,5,14,2,1,0,2026,3,4
2621,46125,4,0,2,0,0,2026,1,8
2622,24301,3,13,0,3,0,2026,4,29
2623,5568,2,10,1,4,0,2026,3,29
2624,25026,3,11,0,0,0,2026,4,7
2625,4343,0,9,2,3,0,2026,6,6
2626,4134,2,10,0,3,0,2026,5,31
2627,5523,2,15,0,4,0,2026,1,5
2628,2791,2,2,0,3,0,2026,5,10
2629,11119,1,7,2,0,0,2026,5,10
2630,36361,3,13,2,4,1,2026,5,15
2631,7195,5,18,1,1,0,2026,4,8
2632,2890,2,10,0,0,0,2026,3,25
2633,5165,3,13,1,1,0,2026,2,6
2634,7460,5,14,1,0,0,2026,6,6
2635,4962,1,7,2,1,0,2026,3,9
2636,7565,0,20,0,3,0,2026,5,20
2637,12388,1,12,2,0,0,2026,5,2
2638,10438,1,3,1,2,0,2026,2,19
2639,6879,0,9,0,0,0,2026,1,2
2640,17415,4,0,2,3,0,2026,6,2
2641,23103,3,13,2,1,0,2026,3,9
2642,12597,0,9,0,1,0,2026,3,5
2643,13117,0,5,0,2,0,2026,3,28
2644,37258,4,0,2,2,0,2026,2,6
2645,16423,0,20,2,1,0,2026,6,2
2646,4988,1,3,2,0,0,2026,4,11
2647,871,2,16,0,0,0,2026,1,16
2648,35143,3,8,0,3,0,2026,6,26
2649,8166,1,12,2,0,0,2026,1,8
2650,28474,3,11,0,2,0,2026,4,11
2651,2047,5,1,2,2,0,2026,3,22
2652,35206,3,13,1,1,0,2026,6,29
2653,54905,4,6,2,3,0,2026,5,9
2654,11042,3,13,1,1,0,2026,3,1
2655,14673,0,9,1,1,0,2026,5,18
2656,7868,3,11,1,0,0,2026,5,27
2657,22237,0,5,2,1,0,2026,3,9
2658,22119,3,11,2,1,0,2026,4,3
2659,3663,5,1,1,4,0,2026,4,4
2660,21618,0,5,0,4,0,2026,1,14
2661,34665,3,11,0,3,0,2026,1,18
2662,2208,1,12,2,1,0,2026,4,9
2663,49623,4,17,2,4,0,2026,1,31
2664,20717,0,9,2,4,0,2026,3,4
2665,1151,5,1,2,2,0,2026,3,28
2666,5412,5,18,1,3,0,2026,6,7
2667,35443,4,6,2,2,0,2026,4,6
2668,5491,3,13,2,4,0,2026,4,5
2669,38403,3,11,0,2,0,2026,4,24
2670,10865,0,20,0,2,0,2026,6,4
2671,4115,2,15,0,3,0,2026,3,9
2672,5210,2,16,0,0,0,2026,4,25
2673,20725,0,5,0,2,0,2026,3,31
2674,8802,1,12,2,3,0,2026,6,12
2675,19643,4,4,1,2,0,2026,5,6
2676,4697,2,10,1,4,0,2026,5,28
2677,18239,3,8,0,4,0,2026,2,10
2678,708,5,18,2,3,0,2026,4,4
2679,3583,0,9,0,1,0,2026,4,27
2680,8971,1,7,1,2,0,2026,2,16
2681,4504,2,2,1,0,0,2026,4,12
2682,3355,2,15,0,3,0,2026,2,6
2683,49273,4,4,1,3,0,2026,3,23
2684,5725,3,8,1,1,0,2026,3,4
2685,7363,2,10,2,1,0,2026,4,1
2686,2520,5,14,2,2,0,2026,4,18
2687,18467,1,7,1,2,0,2026,5,15
2688,5309,2,2,0,2,0,2026,5,12
2689,6447,2,15,0,0,0,2026,5,29
2690,7238,3,13,2,4,0,2026,2,19
2691,2851,2,15,0,0,0,2026,3,8
2692,12927,0,5,2,1,0,2026,1,12
2693,15214,3,8,0,1,0,2026,6,25
2694,39568,3,8,2,4,0,2026,5,11
2695,44725,4,17,1,4,1,2026,3,1
2696,863,2,2,2,4,0,2026,1,13
2697,20284,3,13,1,1,0,2026,1,23
2698,1660,2,2,1,0,0,2026,3,5
2699,4811,2,10,0,4,0,2026,2,6
2700,16857,1,12,2,2,0,2026,4,13
2701,13143,0,20,0,1,0,2026,3,20
2702,5770,2,10,2,4,1,2026,4,4
2703,21452,4,6,2,4,0,2026,4,28
2704,7388,5,19,1,4,0,2026,1,31
2705,2397,2,16,0,1,0,2026,2,19
2706,2004,0,9,0,1,1,2026,5,8
2707,6781,5,14,0,3,0,2026,2,3
2708,14689,0,9,0,4,0,2026,1,27
2709,1103,5,19,0,3,0,2026,3,21
2710,23360,0,5,0,2,0,2026,1,22
2711,18033,3,11,0,0,0,2026,6,1
2712,496,5,19,0,3,0,2026,3,18
2713,565,2,2,2,0,0,2026,4,6
2714,41923,4,0,0,4,0,2026,3,23
2715,14437,1,7,1,0,0,2026,4,5
2716,1949,1,12,2,4,0,2026,5,12
2717,30945,4,4,2,4,0,2026,5,2
2718,4278,1,7,1,4,0,2026,2,2
2719,2413,5,19,1,0,0,2026,6,12
2720,5643,1,7,1,2,0,2026,1,11
2721,22444,0,9,0,4,0,2026,3,19
2722,18133,0,5,0,0,0,2026,6,7
2723,58289,4,17,0,4,0,2026,3,4
2724,6641,0,20,2,3,0,2026,4,24
2725,13697,0,20,1,0,0,2026,5,21
2726,18031,0,20,0,1,0,2026,3,20
2727,4651,3,13,0,2,0,2026,2,23
2728,7875,5,19,2,0,0,2026,6,3
2729,20331,4,4,1,2,0,2026,6,11
2730,2846,0,9,2,4,0,2026,1,24
2731,23352,4,4,2,4,1,2026,2,18
2732,23965,0,5,1,3,0,2026,3,10
2733,24107,3,13,2,2,0,2026,2,7
2734,2657,5,18,0,1,0,2026,6,12
2735,1650,2,15,1,1,0,2026,1,14
2736,4577,2,10,2,4,0,2026,1,28
2737,6278,2,10,0,3,0,2026,5,12
2738,16747,1,3,2,1,0,2026,6,8
2739,23390,4,6,2,0,0,2026,5,2
2740,48425,4,17,2,4,0,2026,3,10
2741,59804,4,4,0,1,0,2026,6,26
2742,9863,0,20,2,2,0,2026,5,10
2743,13620,1,3,2,2,0,2026,4,26
2744,10734,4,0,2,2,0,2026,5,6
2745,4038,2,15,0,4,0,2026,1,9
2746,6364,1,7,2,0,0,2026,6,11
2747,25897,4,4,0,3,0,2026,6,29
2748,5177,2,16,2,4,0,2026,6,15
2749,31663,4,0,1,1,0,2026,2,21
2750,2138,1,3,2,3,0,2026,1,16
2751,2505,2,15,2,4,0,2026,1,7
2752,2869,5,19,0,0,0,2026,6,13
2753,6348,2,15,2,1,0,2026,4,11
2754,845,2,15,1,0,0,2026,2,1
2755,1132,2,16,0,1,0,2026,1,27
2756,5667,5,14,0,3,0,2026,2,1
2757,1418,1,7,1,2,0,2026,3,28
2758,19795,1,12,1,0,0,2026,3,16
2759,16960,0,20,2,4,0,2026,5,29
2760,8514,1,3,2,4,0,2026,4,16
2761,9291,4,4,1,0,0,2026,5,8
2762,9002,0,20,1,4,0,2026,4,22
2763,47412,4,0,2,2,1,2026,2,11
2764,26955,4,17,1,1,0,2026,1,13
2765,1441,0,5,1,2,0,2026,1,21
2766,4020,3,13,0,0,0,2026,1,24
2767,1026,5,14,0,2,0,2026,6,12
2768,2308,1,7,2,4,0,2026,3,21
2769,23277,0,9,1,4,0,2026,4,11
2770,27760,3,11,2,1,0,2026,1,20
2771,11544,4,6,2,1,0,2026,6,4
2772,26811,3,13,1,3,1,2026,3,11
2773,30055,3,8,2,2,0,2026,4,29
2774,5657,0,5,0,4,0,2026,4,15
2775,30489,3,11,0,0,0,2026,5,19
2776,2185,5,18,1,0,0,2026,3,4
2777,5647,1,7,0,2,0,2026,5,11
2778,3720,2,2,1,3,0,2026,4,19
2779,26014,4,4,0,3,0,2026,1,26
2780,5179,2,10,1,1,0,2026,1,14
2781,30982,4,17,0,3,0,2026,1,7
2782,33498,3,13,0,3,0,2026,2,23
2783,52735,4,0,1,1,0,2026,4,5
2784,9464,1,3,1,0,0,2026,4,13
2785,1824,2,15,1,2,0,2026,6,8
2786,4940,2,16,1,4,0,2026,4,29
2787,5394,5,19,1,3,0,2026,2,7
2788,8708,3,13,0,3,0,2026,3,20
2789,4515,0,9,2,2,0,2026,6,7
2790,7704,1,12,0,2,0,2026,6,4
2791,53857,4,17,2,4,0,2026,1,28
2792,24146,3,11,0,4,0,2026,4,26
2793,641,2,10,0,1,0,2026,5,13
2794,4945,0,5,1,0,0,2026,1,8
2795,33175,3,13,0,1,0,2026,5,14
2796,2688,1,3,0,0,0,2026,5,3
2797,5466,3,13,2,0,0,2026,5,4
2798,6622,2,16,0,0,0,2026,3,2
2799,4032,3,13,2,3,0,2026,5,12
2800,5385,5,19,2,3,0,2026,4,26
2801,2283,2,16,2,0,1,2026,2,17
2802,4983,3,13,1,2,0,2026,6,24
2803,5356,5,18,2,0,0,2026,5,22
2804,4228,1,12,1,0,0,2026,6,2
2805,4893,0,5,1,4,0,2026,5,13
2806,29445,3,11,1,3,0,2026,4,30
2807,14486,1,12,2,4,0,2026,4,21
2808,4319,1,3,2,2,0,2026,1,19
2809,17926,0,5,0,1,0,2026,1,12
2810,48608,4,6,0,2,0,2026,5,13
2811,6888,1,3,0,3,0,2026,1,26
2812,29644,4,17,1,4,0,2026,2,7
2813,7011,2,15,0,4,0,2026,1,13
2814,33723,4,0,0,1,0,2026,5,26
2815,48843,4,0,0,2,0,2026,2,8
2816,4475,5,19,2,1,0,2026,3,29
2817,7778,5,19,1,2,0,2026,6,4
2818,21614,4,17,2,0,0,2026,2,26
2819,5484,2,2,1,0,0,2026,3,23
2820,11401,1,7,1,3,0,2026,4,16
2821,2137,2,15,2,4,0,2026,3,17
2822,858,5,14,1,2,0,2026,4,30
2823,1795,5,1,0,4,0,2026,6,27
2824,576,2,15,0,4,0,2026,5,27
2825,24882,4,17,0,1,0,2026,1,6
2826,5068,5,14,0,2,0,2026,3,23
2827,9994,0,9,0,2,0,2026,2,21
2828,7280,1,3,0,3,0,2026,4,1
2829,5412,2,10,2,0,0,2026,1,19
2830,45232,4,0,0,4,0,2026,2,18
2831,7075,2,15,2,4,0,2026,2,7
2832,18194,0,5,0,1,0,2026,1,18
2833,4678,2,15,2,0,0,2026,6,6
2834,6232,5,18,1,3,0,2026,6,22
2835,22141,3,8,2,4,0,2026,6,10
2836,5761,2,15,2,3,0,2026,4,22
2837,18695,1,3,1,1,0,2026,2,21
2838,2865,0,20,0,3,1,2026,4,25
2839,14527,0,20,2,2,0,2026,6,27
2840,5751,2,2,1,3,0,2026,4,24
2841,2505,2,15,0,2,0,2026,2,10
2842,7402,0,20,0,3,0,2026,4,19
2843,4419,5,1,0,1,0,2026,5,12
2844,39349,3,13,1,2,0,2026,5,27
2845,39468,3,8,1,3,0,2026,1,18
2846,36464,3,8,1,2,0,2026,1,15
2847,4157,1,3,1,1,0,2026,2,5
2848,4497,2,16,1,0,0,2026,4,1
2849,7752,0,5,2,3,0,2026,6,16
2850,19265,0,9,1,1,0,2026,4,7
2851,3417,0,5,0,0,0,2026,4,19
2852,24570,0,5,2,2,0,2026,2,28
2853,2245,2,2,2,2,0,2026,6,25
2854,7287,2,16,2,0,0,2026,4,18
2855,6098,4,0,2,1,0,2026,5,4
2856,15260,3,8,1,3,0,2026,1,5
2857,5486,2,15,1,4,0,2026,1,7
2858,4353,5,14,0,2,0,2026,2,5
2859,5451,5,18,0,3,0,2026,2,14
2860,672,5,19,0,0,0,2026,5,21
2861,22351,3,8,1,0,0,2026,5,17
2862,7926,0,5,1,1,0,2026,1,11
2863,6683,2,16,0,3,0,2026,6,6
2864,30277,4,4,1,1,0,2026,5,6
2865,16055,4,0,1,1,0,2026,5,8
2866,23086,0,20,2,0,0,2026,6,1
2867,14078,1,3,0,0,0,2026,6,29
2868,16794,0,9,0,0,0,2026,4,3
2869,14775,0,20,1,2,0,2026,2,24
2870,19445,1,12,2,1,1,2026,3,20
2871,10472,1,7,2,3,0,2026,1,27
2872,17683,1,7,0,4,1,2026,2,12
2873,14072,0,5,2,3,0,2026,6,27
2874,20573,4,0,2,0,0,2026,2,2
2875,6524,0,9,2,2,0,2026,3,24
2876,11242,0,20,2,3,0,2026,1,30
2877,22096,3,11,1,2,0,2026,1,15
2878,51081,4,17,0,1,0,2026,3,29
2879,23408,3,13,2,2,0,2026,5,9
2880,17407,1,12,1,4,0,2026,4,8
2881,35050,3,13,2,1,0,2026,4,25
2882,26132,3,8,0,1,0,2026,1,23
2883,7819,1,7,1,1,0,2026,6,10
2884,26172,3,13,0,4,0,2026,3,10
2885,24018,3,13,2,4,0,2026,5,14
2886,36053,3,11,1,2,0,2026,3,2
2887,2462,5,14,2,2,0,2026,2,18
2888,4489,1,3,1,3,0,2026,2,13
2889,9903,4,4,1,1,0,2026,4,11
2890,7616,3,13,1,3,0,2026,6,15
2891,22906,0,20,0,1,0,2026,5,2
2892,7666,2,15,0,4,0,2026,3,7
2893,12357,0,5,2,0,0,2026,1,15
2894,2005,5,19,2,3,0,2026,4,26
2895,16689,1,7,1,0,0,2026,5,12
2896,56733,4,4,1,4,0,2026,5,4
2897,13696,0,20,1,3,0,2026,3,4
2898,3285,3,13,1,2,0,2026,3,19
2899,19125,3,8,2,1,0,2026,3,11
2900,33706,3,13,1,4,0,2026,4,22
2901,9264,4,0,0,4,0,2026,5,2
2902,6901,1,3,1,2,0,2026,4,18
2903,5310,2,10,0,0,0,2026,2,18
2904,2951,5,1,0,2,0,2026,3,24
2905,21309,0,5,0,1,0,2026,2,13
2906,17111,1,12,1,1,0,2026,3,5
2907,3690,0,5,1,0,0,2026,5,27
2908,9346,1,3,0,3,1,2026,6,27
2909,28046,4,0,1,3,0,2026,3,22
2910,4205,5,18,0,1,0,2026,5,27
2911,16538,4,6,0,4,0,2026,3,19
2912,12966,3,8,0,1,0,2026,4,4
2913,27620,4,17,2,4,0,2026,5,9
2914,36154,4,17,1,3,0,2026,4,5
2915,9136,0,5,2,1,0,2026,5,22
2916,9616,1,12,1,2,0,2026,6,11
2917,7974,0,9,2,4,0,2026,4,17
2918,7243,2,15,0,4,0,2026,2,6
2919,36597,3,8,1,4,0,2026,1,10
2920,18124,0,20,0,0,0,2026,2,19
2921,16976,4,4,2,1,0,2026,2,21
2922,12329,4,17,2,0,0,2026,3,26
2923,3508,5,18,2,2,0,2026,5,6
2924,17868,3,11,2,3,0,2026,1,22
2925,28553,3,11,2,2,0,2026,2,11
2926,713,2,10,0,3,0,2026,4,16
2927,642,2,2,2,2,0,2026,6,26
2928,17566,4,0,2,1,0,2026,4,19
2929,5686,1,7,2,1,0,2026,3,31
2930,1986,2,15,1,1,0,2026,6,25
2931,5819,2,16,1,1,0,2026,6,3
2932,14772,0,20,1,0,0,2026,5,20
2933,36909,3,13,0,0,0,2026,1,31
2934,37388,3,8,1,0,0,2026,4,18
2935,15935,1,3,1,1,0,2026,2,17
2936,2976,2,15,0,0,0,2026,4,6
2937,13722,0,9,2,2,0,2026,4,5
2938,1243,2,15,2,3,0,2026,6,8
2939,11585,1,3,1,1,0,2026,1,26
2940,18888,1,7,2,0,0,2026,6,15
2941,12830,0,5,2,2,0,2026,4,15
2942,4588,0,9,0,0,0,2026,1,11
2943,6884,0,20,1,0,0,2026,5,19
2944,41689,4,0,0,1,1,2026,5,11
2945,3919,0,9,1,0,0,2026,5,5
2946,16507,1,3,2,3,0,2026,1,26
2947,2094,5,18,1,2,0,2026,1,12
2948,407,5,14,1,1,0,2026,4,19
2949,6348,2,10,0,0,0,2026,2,19
2950,59622,4,6,1,3,0,2026,4,6
2951,12724,0,20,2,2,0,2026,6,2
2952,6185,5,14,2,4,0,2026,4,5
2953,6524,4,17,1,3,0,2026,1,16
2954,7233,0,5,1,4,0,2026,4,5
2955,2200,1,3,1,3,0,2026,2,10
2956,3366,5,1,1,1,0,2026,3,26
2957,23201,0,20,1,3,0,2026,6,16
2958,52618,4,0,2,4,1,2026,2,15
2959,7895,2,16,0,3,0,2026,4,18
2960,8919,0,20,0,0,0,2026,2,3
2961,4721,5,18,1,3,0,2026,6,4
2962,3982,2,15,0,2,0,2026,1,5
2963,36644,3,8,1,4,0,2026,5,9
2964,21923,3,11,0,3,0,2026,5,4
2965,7687,2,2,1,3,0,2026,5,17
2966,2156,0,5,2,3,0,2026,1,19
2967,13346,0,20,1,4,0,2026,2,6
2968,15547,1,12,1,3,0,2026,2,6
2969,3582,5,19,0,1,0,2026,2,16
2970,19198,0,9,1,3,0,2026,6,10
2971,57903,4,4,0,0,0,2026,5,25
2972,16669,1,7,1,3,0,2026,4,20
2973,1466,5,1,2,2,1,2026,1,25
2974,11985,0,20,2,1,0,2026,5,15
2975,4726,5,14,2,0,0,2026,1,27
2976,52520,4,4,0,1,1,2026,1,7
2977,10606,3,8,1,3,0,2026,3,28
2978,5002,1,3,1,0,0,2026,6,23
2979,5907,2,10,1,2,0,2026,1,30
2980,515,5,18,0,3,0,2026,4,26
2981,20329,0,5,2,3,0,2026,5,25
2982,7848,2,2,0,1,0,2026,2,18
2983,881,5,14,2,3,1,2026,5,10
2984,3205,5,14,1,3,0,2026,6,16
2985,27921,3,8,0,4,0,2026,1,13
2986,54474,4,17,1,0,0,2026,1,18
2987,5916,5,18,2,0,0,2026,3,22
2988,7734,2,16,1,0,0,2026,4,1
2989,20567,0,20,1,2,0,2026,5,6
2990,2698,2,16,2,4,0,2026,4,1
2991,39384,3,11,1,0,0,2026,2,3
2992,38323,3,13,1,1,0,2026,5,15
2993,4098,5,18,0,0,0,2026,3,5
2994,1300,2,15,0,1,0,2026,3,20
2995,9883,1,7,2,1,0,2026,6,25
2996,14045,4,6,0,1,0,2026,6,9
2997,24741,3,13,0,2,0,2026,4,30
2998,6590,5,19,0,2,0,2026,4,22
2999,26830,4,6,2,4,0,2026,2,11
3000,13174,0,9,0,1,0,2026,3,12
