transaction_id,amount,category,merchant,payment_method,location,is_fraud,year,month,day
1,1218,5,19,1,2,0,2026,2,22
2,6340,5,18,1,0,0,2026,6,10
3,8967,1,7,1,1,0,2026,3,2
4,3006,2,10,0,1,0,2026,1,28
5,39378,3,11,0,3,0,2026,5,30
6,14885,0,5,0,3,0,2026,2,23
7,14523,3,13,2,0,0,2026,5,15
8,17812,1,7,1,1,0,2026,3,4
9,6324,2,10,0,3,0,2026,6,15
10,7964,3,13,0,3,0,2026,5,11
11,2058,2,15,0,4,0,2026,6,27
12,1432,5,18,1,3,0,2026,5,23
13,5554,1,12,2,4,0,2026,2,10
14,17503,3,13,1,2,0,2026,4,10
15,1481,2,15,2,4,0,2026,4,13
16,41154,4,17,1,0,0,2026,3,27
17,5155,0,20,0,0,0,2026,4,13
18,4025,1,12,1,2,0,2026,4,19
19,5692,5,19,2,0,0,2026,4,26
20,380,5,14,2,4,0,2026,1,18
21,1650,2,10,0,0,0,2026,5,24
22,19882,0,5,1,3,0,2026,4,22
23,14382,1,12,2,2,0,2026,3,15
24,2588,2,15,0,1,0,2026,3,23
25,5161,2,10,2,4,0,2026,6,15
26,14808,4,4,1,2,0,2026,4,30
27,56629,4,0,1,1,0,2026,5,25
28,1938,2,15,0,3,0,2026,1,16
29,19426,4,0,0,3,1,2026,4,2
30,7008,5,19,2,3,0,2026,1,3
31,1302,2,2,2,3,0,2026,2,5
32,4934,1,7,2,3,0,2026,5,12
33,23796,0,9,1,0,0,2026,5,29
34,3222,5,1,0,3,0,2026,4,21
35,14075,4,0,1,3,0,2026,2,3
36,7002,5,1,1,3,0,2026,1,9
37,39708,3,13,1,2,0,2026,3,18
38,20336,0,5,0,3,0,2026,6,11
39,8196,0,20,2,0,0,2026,1,1
40,7909,0,20,2,1,0,2026,6,23
41,33107,3,8,1,2,0,2026,2,23
42,9272,3,11,1,0,0,2026,5,16
43,25591,4,0,2,3,0,2026,6,4
44,8395,1,12,0,4,0,2026,6,20
45,52008,4,0,2,0,1,2026,5,19
46,731,2,16,2,1,0,2026,1,8
47,13228,1,7,0,3,0,2026,2,28
48,21076,0,9,1,2,0,2026,5,2
49,3575,2,15,0,2,0,2026,3,2
50,15102,0,9,2,4,0,2026,3,2
51,33386,3,8,2,2,0,2026,1,19
52,18391,1,12,1,0,0,2026,5,14
53,8830,1,3,1,0,0,2026,1,10
54,6729,2,16,0,2,0,2026,3,1
55,56391,4,17,1,0,1,2026,4,16
56,9973,0,9,0,2,0,2026,6,7
57,46051,4,6,0,1,1,2026,2,14
58,587,2,16,1,2,0,2026,1,7
59,5305,1,3,0,1,0,2026,5,8
60,7904,2,2,0,4,0,2026,2,18
61,27126,3,8,1,4,0,2026,6,28
62,2887,2,16,1,0,0,2026,6,9
63,3555,2,2,0,4,0,2026,3,17
64,48231,4,17,1,4,0,2026,4,16
65,7576,5,19,0,4,0,2026,3,10
66,1377,0,5,1,1,0,2026,3,5
67,5379,4,17,0,3,0,2026,5,31
68,12833,0,9,0,0,0,2026,1,25
69,11231,0,9,1,1,1,2026,1,27
70,6581,5,14,0,2,0,2026,2,20
71,9478,0,5,1,0,0,2026,6,7
72,6159,2,2,0,1,0,2026,2,4
73,6679,0,5,1,2,0,2026,5,9
74,1714,5,14,1,2,0,2026,6,8
75,19014,1,7,2,2,0,2026,4,3
76,17747,3,11,0,2,0,2026,1,6
77,3872,3,13,2,4,0,2026,1,16
78,5319,5,14,0,1,0,2026,1,22
79,5729,3,11,2,1,1,2026,1,9
80,20770,0,20,2,1,0,2026,1,29
81,7053,2,10,1,0,0,2026,4,11
82,2046,1,3,0,2,0,2026,6,22
83,3105,5,18,1,2,0,2026,5,30
84,8910,4,17,1,2,0,2026,4,2
85,1256,5,18,2,4,0,2026,2,9
86,20638,3,8,2,2,0,2026,6,7
87,39878,3,8,0,1,0,2026,1,31
88,22104,4,4,2,0,0,2026,3,9
89,36262,3,11,1,0,0,2026,4,20
90,1299,2,10,2,4,1,2026,2,10
91,3612,5,14,1,1,0,2026,6,8
92,3650,2,16,2,3,0,2026,5,20
93,2944,2,10,1,1,0,2026,6,10
94,3526,5,14,2,2,0,2026,2,23
95,19263,4,0,2,4,0,2026,6,3
96,7500,0,9,0,1,0,2026,4,2
97,19555,1,7,1,3,0,2026,3,29
98,2644,2,16,0,4,0,2026,4,26
99,2267,0,5,0,3,0,2026,3,11
100,19908,1,7,1,1,0,2026,5,19
101,29360,3,13,1,4,0,2026,3,23
102,3759,2,16,0,3,0,2026,6,13
103,3921,3,11,0,3,0,2026,3,28
104,7556,2,15,0,4,0,2026,5,4
105,8603,1,7,0,4,0,2026,3,22
106,3970,2,15,1,0,0,2026,3,21
107,7117,5,19,0,1,0,2026,5,21
108,1944,5,18,2,3,0,2026,6,10
109,38834,3,8,1,0,0,2026,6,24
110,5745,0,20,0,1,0,2026,2,5
111,28113,3,13,0,4,0,2026,2,24
112,21243,3,8,0,2,0,2026,6,15
113,7308,1,12,0,0,0,2026,4,21
114,3454,2,16,2,3,0,2026,1,17
115,20257,0,5,1,2,0,2026,6,3
116,46344,4,0,1,1,1,2026,6,8
117,2976,2,2,1,3,1,2026,2,25
118,5535,2,16,2,1,0,2026,4,21
119,11800,4,6,2,3,0,2026,2,26
120,20536,0,20,0,1,0,2026,6,24
121,11583,1,7,2,4,0,2026,4,4
122,4406,5,18,2,3,0,2026,6,13
123,2917,0,5,1,3,0,2026,3,19
124,7458,3,11,2,1,0,2026,3,28
125,2876,2,15,2,1,0,2026,5,8
126,6527,0,9,2,2,0,2026,3,24
127,12218,0,5,2,0,0,2026,6,29
128,11779,1,7,0,4,0,2026,5,8
129,5876,1,7,2,0,0,2026,5,10
130,6941,0,20,1,0,1,2026,1,23
131,34178,3,8,0,4,0,2026,5,30
132,13803,3,8,2,2,0,2026,4,9
133,18629,4,17,1,2,0,2026,4,8
134,24773,3,11,1,2,0,2026,6,20
135,48377,4,0,1,4,1,2026,2,9
136,14768,0,9,1,2,0,2026,6,12
137,18582,4,4,1,4,0,2026,5,28
138,9491,0,20,1,4,0,2026,6,10
139,3007,5,1,1,1,0,2026,4,4
140,2981,5,19,0,2,0,2026,2,10
141,21246,4,4,1,0,0,2026,3,26
142,2778,5,18,2,1,0,2026,4,20
143,5522,5,18,2,3,0,2026,2,22
144,1555,5,1,1,2,0,2026,6,29
145,32165,3,11,2,3,0,2026,5,16
146,18235,1,12,1,0,0,2026,4,21
147,1722,0,5,1,3,0,2026,2,24
148,4538,0,9,0,1,0,2026,3,5
149,19497,1,7,0,4,0,2026,2,7
150,14786,3,8,0,2,0,2026,1,23
151,4597,3,13,1,1,0,2026,3,6
152,18306,0,5,1,3,0,2026,1,14
153,4249,5,19,1,0,0,2026,3,13
154,11273,4,0,1,3,0,2026,1,8
155,50004,4,17,2,3,0,2026,4,18
156,6590,2,2,0,0,0,2026,1,20
157,16508,4,0,0,4,0,2026,6,12
158,1700,5,1,1,4,0,2026,4,28
159,2107,2,10,0,2,0,2026,3,28
160,24615,0,9,1,4,0,2026,2,6
161,7173,3,13,0,4,0,2026,2,16
162,49878,4,4,2,0,1,2026,2,3
163,1191,2,16,2,0,0,2026,2,15
164,4915,0,5,1,2,0,2026,4,5
165,6571,0,5,1,0,0,2026,1,21
166,3615,3,8,2,3,0,2026,6,25
167,1566,1,7,2,4,0,2026,4,18
168,9566,3,11,0,1,0,2026,3,28
169,3618,2,15,1,4,0,2026,4,5
170,9588,0,20,0,4,0,2026,1,4
171,23582,3,13,1,0,0,2026,4,2
172,1852,2,10,2,4,0,2026,2,21
173,6404,0,5,2,4,0,2026,4,10
174,6042,2,10,1,3,0,2026,2,12
175,5254,2,15,2,0,0,2026,3,22
176,17854,0,5,2,4,0,2026,3,16
177,6597,5,1,0,1,0,2026,1,27
178,9567,3,8,1,2,0,2026,1,3
179,14968,1,12,1,1,0,2026,5,12
180,36070,3,13,1,4,1,2026,5,10
181,7380,1,12,1,1,0,2026,5,20
182,8134,0,20,1,0,0,2026,6,14
183,14296,1,7,1,4,0,2026,6,11
184,3163,5,18,1,0,0,2026,4,23
185,7705,3,11,2,2,0,2026,5,25
186,42550,4,6,2,3,0,2026,1,7
187,3177,2,10,0,1,0,2026,5,11
188,33413,4,17,2,1,0,2026,3,8
189,6000,2,10,2,1,0,2026,6,16
190,6797,5,14,0,3,0,2026,1,17
191,10040,4,4,2,1,0,2026,4,3
192,24964,0,5,1,4,0,2026,6,21
193,37453,3,8,1,1,0,2026,4,1
194,9171,0,5,1,0,0,2026,4,24
195,35501,3,8,0,1,0,2026,3,15
196,16765,1,7,0,2,0,2026,1,11
197,7649,0,20,2,1,0,2026,1,12
198,7385,0,20,2,4,1,2026,5,28
199,5245,2,2,1,2,0,2026,2,25
200,21967,3,8,2,3,0,2026,2,7
201,31786,3,11,0,1,0,2026,1,10
202,54409,4,0,0,4,1,2026,4,5
203,9231,3,13,2,3,0,2026,3,18
204,6601,4,6,0,1,0,2026,6,13
205,25413,4,17,1,4,0,2026,2,17
206,6970,1,3,2,4,0,2026,1,14
207,3862,1,7,1,4,0,2026,2,11
208,6745,5,14,2,0,0,2026,1,3
209,17606,1,3,0,4,0,2026,6,20
210,7720,0,20,1,4,0,2026,1,2
211,9572,3,11,2,4,0,2026,5,25
212,44846,4,6,2,2,1,2026,3,21
213,1739,1,7,0,4,0,2026,5,24
214,10520,4,6,1,1,0,2026,6,20
215,4997,5,1,2,3,1,2026,1,23
216,4825,2,2,0,0,0,2026,4,6
217,1103,5,19,2,3,0,2026,1,22
218,231,5,18,2,2,0,2026,3,28
219,21474,0,5,0,4,0,2026,2,19
220,10111,3,8,2,0,0,2026,2,27
221,3434,1,3,1,1,0,2026,5,26
222,3713,5,19,1,4,0,2026,2,14
223,18299,3,13,1,4,0,2026,5,31
224,4777,1,3,1,1,0,2026,3,21
225,7729,5,19,0,1,0,2026,6,12
226,1536,2,2,2,2,0,2026,4,14
227,3688,5,18,2,2,0,2026,5,29
228,5847,5,1,0,1,0,2026,2,22
229,4574,2,2,0,4,0,2026,1,1
230,5062,2,10,2,2,1,2026,4,18
231,6569,2,10,2,4,0,2026,4,26
232,2630,1,3,0,1,0,2026,2,9
233,2408,1,7,1,4,0,2026,4,6
234,5665,5,1,1,4,0,2026,1,7
235,6256,5,19,0,2,0,2026,6,26
236,551,5,14,1,0,0,2026,5,3
237,1693,2,2,2,1,0,2026,5,19
238,6212,2,16,1,4,0,2026,3,24
239,24013,0,20,1,4,0,2026,2,5
240,6950,4,0,2,4,0,2026,1,6
241,12715,1,3,0,2,0,2026,4,16
242,20370,4,6,1,2,0,2026,2,28
243,16039,1,7,2,4,0,2026,5,18
244,802,5,19,1,2,0,2026,4,5
245,8046,3,8,2,3,0,2026,6,4
246,16728,0,5,2,0,1,2026,6,8
247,10682,0,5,0,0,0,2026,2,27
248,32244,4,17,1,0,0,2026,1,1
249,2776,2,15,1,2,0,2026,6,11
250,19937,1,3,0,0,0,2026,3,9
251,21182,0,9,1,0,0,2026,3,19
252,50372,4,0,0,4,0,2026,1,29
253,4510,0,5,1,0,0,2026,4,7
254,4017,1,12,2,3,0,2026,4,15
255,761,5,1,0,1,0,2026,4,27
256,3916,0,20,2,4,0,2026,2,5
257,1079,2,2,1,0,0,2026,5,17
258,16616,4,17,0,4,0,2026,6,10
259,10163,0,5,0,2,0,2026,3,10
260,20559,0,5,2,2,0,2026,6,14
261,2517,2,10,1,0,0,2026,4,16
262,25906,4,0,0,2,1,2026,5,15
263,2489,5,18,2,1,0,2026,2,7
264,6217,5,19,1,1,0,2026,1,2
265,4317,0,9,0,2,0,2026,1,16
266,5754,3,11,1,0,0,2026,3,14
267,6632,5,1,2,4,0,2026,4,17
268,5454,2,15,2,3,0,2026,3,26
269,38740,3,11,2,3,0,2026,3,17
270,38409,4,17,1,0,0,2026,5,5
271,20329,3,8,2,2,0,2026,3,13
272,6918,1,3,0,4,0,2026,5,29
273,19729,3,13,2,3,0,2026,6,19
274,14983,1,12,1,1,0,2026,2,14
275,3282,5,19,2,2,0,2026,4,11
276,3507,5,18,1,0,0,2026,1,4
277,24471,3,11,0,3,0,2026,6,3
278,5333,5,1,2,0,0,2026,4,4
279,5860,5,18,0,0,0,2026,1,20
280,2832,5,19,0,4,0,2026,6,16
281,3853,0,5,0,0,1,2026,2,6
282,6346,2,2,2,1,0,2026,2,19
283,5499,5,1,2,2,0,2026,5,12
284,11385,3,11,2,4,1,2026,4,23
285,31448,3,13,1,4,0,2026,2,4
286,4893,1,3,1,3,0,2026,3,2
287,30975,4,0,1,0,0,2026,5,21
288,22853,3,8,1,4,0,2026,6,19
289,3737,5,19,2,3,0,2026,3,16
290,9916,1,3,1,2,0,2026,5,6
291,59682,4,4,0,2,0,2026,2,24
292,1786,1,12,1,1,0,2026,5,26
293,16396,3,8,0,0,0,2026,5,19
294,5782,5,14,1,2,0,2026,5,27
295,20948,3,8,2,0,0,2026,6,10
296,37654,3,8,1,0,0,2026,1,21
297,5418,0,5,2,4,0,2026,4,2
298,26661,3,13,2,0,0,2026,5,23
299,3666,1,12,2,0,0,2026,2,25
300,17826,0,5,0,0,0,2026,1,2
301,24936,4,6,0,0,0,2026,1,30
302,5528,0,9,2,4,0,2026,3,19
303,6682,4,17,0,0,0,2026,3,25
304,20650,3,11,1,2,0,2026,1,10
305,10827,1,7,1,0,0,2026,4,8
306,2588,2,16,2,0,1,2026,2,22
307,9399,4,6,0,1,0,2026,2,25
308,16589,1,12,1,3,0,2026,5,31
309,1738,5,14,2,1,0,2026,5,29
310,7562,2,15,1,0,0,2026,6,22
311,8812,3,13,0,1,0,2026,5,18
312,1946,1,7,0,2,0,2026,1,30
313,7568,1,3,2,1,0,2026,3,14
314,12970,1,7,0,1,0,2026,2,19
315,16190,0,20,1,0,0,2026,5,18
316,3205,5,18,0,0,0,2026,2,12
317,28438,3,11,2,4,0,2026,1,20
318,6670,0,20,0,0,0,2026,1,9
319,2726,0,5,2,3,0,2026,5,26
320,1161,5,19,2,2,0,2026,4,30
321,23742,3,13,2,3,0,2026,4,9
322,1872,1,12,1,2,0,2026,6,20
323,9105,0,9,1,1,0,2026,5,23
324,7264,2,15,1,2,0,2026,2,3
325,5676,0,5,1,4,0,2026,5,24
326,6526,1,7,2,1,0,2026,1,21
327,14586,4,17,1,2,0,2026,5,28
328,4254,2,2,1,2,0,2026,4,11
329,12215,0,20,2,4,0,2026,6,15
330,16498,1,7,1,0,0,2026,5,17
331,9966,0,5,1,0,0,2026,5,9
332,17165,0,9,1,1,0,2026,5,3
333,1692,2,2,0,0,0,2026,4,3
334,4462,2,15,2,1,0,2026,6,4
335,14251,4,6,2,1,0,2026,2,2
336,2262,5,18,1,2,0,2026,5,21
337,16918,3,11,0,3,0,2026,5,3
338,8797,3,8,1,1,0,2026,5,21
339,34388,4,17,2,4,0,2026,2,22
340,17940,3,8,0,2,0,2026,5,9
341,5075,4,6,1,0,0,2026,5,28
342,55891,4,0,1,2,0,2026,1,24
343,55663,4,0,0,1,0,2026,5,20
344,36162,4,6,0,1,0,2026,6,9
345,2590,2,15,1,2,0,2026,2,8
346,15877,0,20,0,2,0,2026,5,9
347,50345,4,6,1,0,0,2026,3,27
348,5084,2,16,1,1,0,2026,1,25
349,3714,2,16,2,0,0,2026,1,7
350,11617,3,8,2,3,0,2026,2,27
351,43514,4,0,0,4,0,2026,2,28
352,30425,3,13,0,0,0,2026,3,2
353,5640,2,16,0,0,0,2026,4,28
354,2970,2,10,0,2,0,2026,1,15
355,5640,2,10,0,0,0,2026,2,20
356,5890,5,19,0,0,0,2026,5,10
357,39061,4,4,2,0,0,2026,3,4
358,3749,0,20,1,0,0,2026,1,25
359,5772,5,1,2,2,0,2026,3,11
360,971,2,16,1,3,0,2026,4,30
361,13643,0,5,1,2,0,2026,3,17
362,1798,5,19,2,4,1,2026,3,13
363,21072,3,11,0,1,0,2026,1,28
364,3854,1,7,1,1,0,2026,4,4
365,35381,4,6,1,2,0,2026,2,20
366,1044,2,16,1,0,0,2026,3,28
367,25488,3,11,0,1,0,2026,3,7
368,11818,0,20,1,1,0,2026,1,3
369,3937,1,3,2,3,0,2026,1,20
370,3790,2,16,2,0,0,2026,5,3
371,3424,2,2,2,0,0,2026,2,12
372,20790,4,17,2,0,0,2026,4,24
373,1455,2,2,1,4,0,2026,6,23
374,21953,3,13,0,2,0,2026,4,3
375,4390,2,2,2,0,1,2026,6,19
376,7000,5,14,0,2,0,2026,4,2
377,7888,2,2,2,0,0,2026,4,25
378,26360,3,13,1,0,0,2026,5,23
379,10505,4,4,2,1,0,2026,6,23
380,7649,2,15,1,1,0,2026,3,3
381,16922,0,5,1,0,0,2026,2,13
382,12695,3,8,2,0,0,2026,4,1
383,39991,3,8,1,4,0,2026,6,19
384,49093,4,4,2,3,0,2026,6,18
385,7180,2,2,0,1,0,2026,3,16
386,54687,4,0,0,2,1,2026,1,29
387,3238,2,2,1,2,0,2026,3,1
388,52357,4,17,2,1,1,2026,5,14
389,14829,0,5,2,0,0,2026,4,12
390,1471,5,18,2,0,0,2026,4,19
391,16526,0,20,1,2,0,2026,2,5
392,4700,5,19,2,0,0,2026,6,26
393,3845,3,8,2,4,0,2026,3,23
394,4947,1,7,1,0,0,2026,5,3
395,5281,2,15,2,1,0,2026,3,25
396,17298,4,4,0,3,0,2026,2,28
397,2659,2,16,0,0,0,2026,6,23
398,16039,3,11,0,4,0,2026,6,15
399,19550,3,11,2,3,0,2026,2,9
400,26215,4,0,1,4,0,2026,6,1
401,5005,2,10,0,3,0,2026,1,5
402,8713,0,9,2,2,0,2026,5,27
403,7731,5,14,1,2,0,2026,5,22
404,42980,4,6,2,1,0,2026,3,27
405,6650,2,10,0,4,0,2026,6,18
406,8477,4,17,1,4,0,2026,4,22
407,40930,4,17,2,3,0,2026,6,28
408,8445,4,4,2,0,0,2026,2,16
409,25753,3,11,1,1,0,2026,6,2
410,11308,3,13,1,1,0,2026,3,19
411,1950,2,16,2,2,0,2026,1,25
412,15672,0,9,1,4,0,2026,1,10
413,37849,3,8,0,4,0,2026,3,1
414,7511,0,9,2,4,0,2026,4,21
415,16878,1,12,2,0,0,2026,3,21
416,11663,0,20,1,4,0,2026,2,27
417,2773,5,18,0,0,0,2026,3,28
418,35555,4,6,0,4,0,2026,1,5
419,24165,0,20,2,0,0,2026,5,23
420,7307,5,14,2,2,0,2026,1,3
421,21951,0,9,2,1,0,2026,3,9
422,10729,1,12,2,0,0,2026,6,13
423,4628,0,5,0,2,0,2026,6,2
424,4001,5,18,1,1,0,2026,2,27
425,32417,3,11,2,1,0,2026,6,3
426,18896,0,5,0,1,0,2026,4,28
427,4775,2,10,1,0,0,2026,4,2
428,45202,4,4,2,1,0,2026,5,17
429,34148,3,13,1,2,0,2026,4,10
430,918,2,16,2,1,0,2026,6,7
431,16323,1,12,2,4,0,2026,2,3
432,1128,2,2,1,1,0,2026,4,1
433,1072,5,1,2,4,0,2026,3,15
434,9684,1,12,0,1,0,2026,5,20
435,57045,4,6,0,0,0,2026,1,18
436,6739,2,15,2,4,0,2026,2,2
437,2537,1,7,1,3,0,2026,3,15
438,4295,5,1,1,1,0,2026,2,23
439,4274,5,18,1,3,0,2026,3,26
440,7902,1,7,1,4,0,2026,1,20
441,4350,0,9,0,1,0,2026,1,25
442,745,2,16,0,1,0,2026,2,20
443,9738,0,20,1,3,0,2026,6,15
444,44483,4,0,1,3,0,2026,1,8
445,17294,3,8,0,0,0,2026,4,13
446,2303,1,12,0,2,0,2026,1,25
447,6429,2,15,2,1,0,2026,1,6
448,2701,5,1,2,3,0,2026,2,4
449,19919,1,3,2,0,0,2026,5,13
450,7897,1,3,0,2,0,2026,1,11
451,19852,3,11,2,4,0,2026,3,2
452,53284,4,0,1,1,0,2026,3,2
453,3195,2,2,0,3,0,2026,5,22
454,7072,2,16,1,3,0,2026,5,15
455,5384,2,2,2,0,0,2026,5,27
456,5258,0,20,1,4,0,2026,3,22
457,13528,0,5,0,2,0,2026,3,19
458,18667,1,3,2,3,0,2026,5,3
459,7308,1,7,1,3,0,2026,5,26
460,52206,4,6,0,1,0,2026,4,14
461,19385,3,8,1,0,0,2026,3,16
462,3205,0,9,2,0,0,2026,2,25
463,43389,4,17,1,3,0,2026,3,24
464,1951,5,14,0,2,0,2026,3,29
465,3149,1,7,2,1,0,2026,4,8
466,7582,5,19,0,3,0,2026,3,26
467,58048,4,0,1,4,0,2026,2,12
468,8064,1,12,1,0,0,2026,3,24
469,34967,3,13,1,1,0,2026,3,16
470,13428,1,7,2,1,1,2026,1,17
471,7688,0,9,0,0,0,2026,1,31
472,54762,4,0,1,3,0,2026,1,28
473,57503,4,4,2,4,0,2026,1,31
474,26298,3,11,0,4,0,2026,1,24
475,1361,0,9,2,1,0,2026,4,29
476,5437,2,15,2,1,0,2026,2,9
477,9838,0,20,0,2,0,2026,1,11
478,15303,4,4,0,4,0,2026,1,1
479,33900,3,13,1,4,0,2026,5,2
480,27498,3,13,2,3,0,2026,4,6
481,16609,3,11,1,1,0,2026,6,2
482,3504,2,10,1,4,0,2026,2,9
483,1158,5,19,0,1,0,2026,2,27
484,3484,0,9,1,1,0,2026,3,12
485,3478,2,2,2,0,0,2026,1,27
486,7303,0,9,0,1,0,2026,2,19
487,19952,1,7,1,1,0,2026,3,2
488,13367,4,17,0,0,0,2026,5,24
489,1994,2,15,2,3,0,2026,4,16
490,25000,4,4,0,4,0,2026,6,22
491,6883,1,3,0,3,0,2026,2,1
492,39915,4,17,2,3,0,2026,3,31
493,22567,0,5,1,2,0,2026,5,8
494,2831,2,2,2,2,0,2026,3,23
495,13780,0,9,1,1,0,2026,5,14
496,4936,2,10,1,3,1,2026,3,16
497,52741,4,4,2,1,1,2026,3,3
498,30602,3,13,2,0,0,2026,3,6
499,6881,1,7,1,3,0,2026,4,23
500,4318,1,7,2,0,0,2026,3,27
501,1488,2,15,1,0,0,2026,6,27
502,15395,0,5,0,2,0,2026,3,21
503,10626,3,11,0,4,0,2026,2,7
504,36162,3,13,1,1,0,2026,2,28
505,7015,2,2,2,1,0,2026,2,27
506,58684,4,17,0,3,1,2026,6,21
507,10135,0,5,2,4,0,2026,1,15
508,11717,3,8,1,2,0,2026,6,1
509,7064,2,15,2,0,0,2026,1,5
510,15365,1,7,1,2,0,2026,5,3
511,5973,1,3,0,4,0,2026,4,15
512,32536,3,13,1,0,0,2026,4,1
513,29618,3,8,1,4,0,2026,2,22
514,11191,0,20,1,0,0,2026,4,29
515,8829,1,3,1,0,0,2026,3,18
516,10889,4,6,0,3,0,2026,5,29
517,5417,5,14,1,3,0,2026,2,19
518,3626,5,19,0,0,0,2026,3,13
519,2725,1,3,2,2,0,2026,3,9
520,26538,3,8,2,1,0,2026,6,17
521,2733,2,10,1,4,0,2026,1,13
522,4662,5,1,1,3,1,2026,6,21
523,19055,1,12,1,1,0,2026,1,29
524,11924,4,17,0,1,0,2026,2,10
525,26118,3,8,0,1,0,2026,1,12
526,21509,3,11,2,0,0,2026,1,28
527,1417,5,18,2,1,0,2026,3,23
528,8258,4,6,1,1,0,2026,2,6
529,3827,1,7,0,0,0,2026,5,2
530,1400,1,3,2,3,0,2026,4,7
531,24760,3,11,1,2,0,2026,4,20
532,3226,2,16,0,3,0,2026,3,17
533,8266,4,6,2,4,0,2026,2,12
534,24885,4,17,1,1,0,2026,2,3
535,17118,4,6,1,3,0,2026,1,29
536,33359,3,13,0,0,0,2026,1,27
537,1560,2,15,0,4,0,2026,3,18
538,12364,1,12,2,2,0,2026,1,5
539,4936,2,2,2,3,1,2026,4,18
540,1795,5,14,0,3,0,2026,4,2
541,6512,1,3,0,0,0,2026,2,23
542,6466,5,18,0,4,0,2026,1,22
543,5425,2,2,2,3,0,2026,4,1
544,38533,3,13,0,0,0,2026,2,24
545,14816,1,12,1,2,0,2026,3,25
546,32091,3,8,0,0,0,2026,6,16
547,19829,1,7,0,2,0,2026,5,31
548,13084,1,3,2,0,0,2026,5,10
549,39192,4,17,1,0,0,2026,2,22
550,5327,5,18,1,4,0,2026,4,8
551,26266,3,11,2,0,0,2026,2,24
552,8346,1,7,2,4,0,2026,6,28
553,3679,2,2,1,0,0,2026,3,28
554,13629,1,3,1,3,0,2026,1,3
555,51663,4,6,1,0,0,2026,1,7
556,30210,4,17,2,0,0,2026,5,9
557,41422,4,0,1,3,0,2026,4,3
558,10213,3,8,0,0,0,2026,3,2
559,25568,3,8,1,3,0,2026,6,15
560,12410,0,9,2,0,0,2026,3,2
561,12039,4,0,2,4,0,2026,4,22
562,13650,1,7,0,2,0,2026,4,13
563,9078,3,8,2,2,0,2026,6,18
564,25952,3,11,2,4,0,2026,6,27
565,7005,2,10,2,3,0,2026,2,5
566,4210,5,14,1,1,0,2026,2,27
567,15905,0,5,0,3,0,2026,1,9
568,4289,2,15,2,3,0,2026,2,28
569,15745,1,12,2,0,0,2026,3,6
570,5975,2,15,0,1,0,2026,3,25
571,27986,3,11,2,4,0,2026,6,9
572,3506,2,16,1,3,0,2026,5,12
573,8724,1,12,1,2,0,2026,5,3
574,3875,5,19,2,4,0,2026,5,18
575,6351,5,19,2,4,0,2026,2,2
576,812,5,19,0,0,0,2026,5,5
577,4528,2,2,1,3,0,2026,3,14
578,5014,1,12,0,1,0,2026,1,14
579,21702,0,9,1,3,0,2026,2,23
580,36699,4,0,1,1,0,2026,5,24
581,6923,5,19,1,4,0,2026,2,28
582,11682,3,13,0,1,0,2026,1,16
583,15447,1,12,0,0,0,2026,4,15
584,7235,1,3,2,4,0,2026,6,26
585,8344,4,17,2,1,0,2026,3,8
586,13775,1,7,1,2,0,2026,1,28
587,4194,2,10,1,0,0,2026,4,14
588,6238,5,19,2,3,0,2026,4,27
589,21242,0,9,1,2,0,2026,1,10
590,2029,5,18,2,3,0,2026,1,18
591,6033,0,5,0,4,0,2026,1,28
592,6889,3,8,1,1,0,2026,6,18
593,24904,4,0,1,3,0,2026,5,26
594,3073,5,1,1,0,0,2026,2,6
595,2965,5,14,1,0,0,2026,5,1
596,2250,0,9,1,2,0,2026,2,15
597,3133,2,10,2,1,0,2026,3,30
598,30304,3,13,2,4,0,2026,4,30
599,16832,4,4,0,1,0,2026,4,9
600,12029,0,5,2,1,0,2026,3,11
601,15909,0,20,1,3,0,2026,3,7
602,2480,5,14,1,0,0,2026,3,27
603,17297,3,13,2,4,1,2026,5,25
604,14504,0,5,0,0,0,2026,3,7
605,13519,3,11,2,2,0,2026,3,2
606,23777,3,13,1,2,0,2026,1,12
607,2019,5,19,0,4,0,2026,6,17
608,569,5,19,0,0,0,2026,1,14
609,11929,0,9,0,0,0,2026,4,26
610,3057,2,10,2,0,0,2026,6,12
611,43840,4,0,1,3,0,2026,6,16
612,18044,0,9,0,0,0,2026,6,27
613,3532,5,18,1,3,0,2026,1,20
614,36426,3,8,1,2,0,2026,4,27
615,22575,0,5,2,4,0,2026,6,28
616,13100,0,5,1,2,0,2026,2,18
617,33036,3,8,1,0,0,2026,1,13
618,7865,2,10,0,1,0,2026,5,7
619,20669,3,11,1,2,0,2026,3,29
620,13951,1,12,2,1,0,2026,3,27
621,10604,1,12,2,2,0,2026,4,16
622,35248,3,13,1,1,0,2026,6,15
623,17862,1,7,0,3,0,2026,3,21
624,4608,5,18,1,4,0,2026,4,11
625,4608,5,19,2,0,0,2026,2,4
626,1265,5,1,0,2,0,2026,4,1
627,7618,5,19,2,3,0,2026,3,19
628,54775,4,17,0,0,0,2026,2,24
629,1845,5,14,0,3,0,2026,1,12
630,16938,1,12,2,3,0,2026,2,22
631,4543,2,2,2,4,1,2026,4,6
632,4834,2,2,0,2,0,2026,6,15
633,7957,4,0,1,2,1,2026,3,5
634,2062,5,14,2,3,0,2026,2,4
635,21232,0,20,0,1,0,2026,2,19
636,17313,1,7,2,2,0,2026,5,31
637,14419,4,0,0,3,0,2026,3,10
638,38472,3,11,2,2,0,2026,2,3
639,2954,0,20,1,3,0,2026,6,29
640,2607,0,5,2,3,0,2026,1,26
641,5929,0,5,0,2,0,2026,4,11
642,23574,3,11,0,2,0,2026,5,24
643,18243,4,0,1,1,0,2026,6,11
644,11404,1,7,2,3,0,2026,3,10
645,11302,0,20,1,1,0,2026,3,2
646,2854,5,1,1,0,0,2026,1,15
647,37826,3,8,0,2,0,2026,4,24
648,5306,5,18,1,1,0,2026,1,29
649,22273,3,11,0,2,0,2026,3,21
650,5222,0,20,2,3,1,2026,6,5
651,16434,3,13,2,4,0,2026,4,15
652,32934,4,4,2,0,1,2026,3,7
653,7098,5,18,1,0,0,2026,1,24
654,29299,3,8,2,1,0,2026,1,5
655,2362,0,9,1,0,0,2026,6,28
656,7377,5,18,1,3,0,2026,3,8
657,7631,5,18,2,4,0,2026,6,19
658,6124,5,19,0,4,0,2026,3,28
659,8346,1,3,0,3,0,2026,4,19
660,3978,5,14,0,0,0,2026,2,8
661,2918,5,18,0,0,0,2026,2,1
662,34528,3,8,0,4,0,2026,1,30
663,37303,3,13,0,2,0,2026,5,4
664,1269,5,18,0,0,0,2026,2,16
665,20020,0,9,0,3,0,2026,5,25
666,19887,0,9,0,0,0,2026,4,10
667,14311,0,5,2,3,0,2026,4,27
668,11086,4,6,1,1,0,2026,1,26
669,21122,0,20,2,2,0,2026,3,15
670,36448,4,0,1,1,0,2026,5,11
671,11115,3,11,1,0,0,2026,2,18
672,20773,3,8,0,4,0,2026,4,23
673,2003,5,14,2,0,0,2026,6,14
674,14672,0,20,1,4,0,2026,5,1
675,10497,1,12,2,3,0,2026,4,21
676,11003,0,9,1,2,0,2026,5,13
677,11934,1,12,1,1,0,2026,4,1
678,5626,2,15,0,0,0,2026,6,6
679,37184,3,8,1,3,0,2026,3,17
680,7291,4,17,1,0,0,2026,1,19
681,4120,2,2,2,3,0,2026,3,1
682,38880,4,4,1,4,0,2026,6,20
683,27943,3,11,1,1,0,2026,2,15
684,1867,5,18,1,1,0,2026,1,16
685,34368,3,11,0,3,0,2026,3,22
686,6102,2,2,2,1,0,2026,3,30
687,28601,3,11,0,4,0,2026,2,2
688,5883,2,15,2,4,0,2026,6,7
689,31966,4,0,0,2,0,2026,2,24
690,18985,1,7,0,0,0,2026,3,20
691,25801,4,6,0,2,0,2026,2,15
692,1203,5,1,0,3,0,2026,3,29
693,6921,5,18,2,0,0,2026,5,11
694,13396,3,13,1,4,0,2026,4,14
695,2082,2,10,1,1,0,2026,6,26
696,23378,3,11,1,3,0,2026,5,20
697,9106,1,3,0,1,0,2026,4,1
698,1785,5,19,1,0,0,2026,6,25
699,6682,5,1,1,4,0,2026,2,14
700,1794,0,5,2,3,0,2026,1,25
701,28913,3,13,2,2,0,2026,4,3
702,14665,1,7,2,4,0,2026,4,26
703,4052,5,18,2,3,0,2026,6,17
704,3913,2,10,1,1,0,2026,4,8
705,12128,0,20,0,3,0,2026,2,27
706,19880,1,3,2,2,0,2026,3,23
707,8807,0,20,1,1,0,2026,5,22
708,1745,5,1,1,4,1,2026,6,15
709,12338,3,13,0,4,0,2026,3,25
710,7738,2,16,2,2,0,2026,1,20
711,37235,4,0,0,1,0,2026,3,29
712,15339,0,20,0,4,0,2026,2,26
713,2638,5,14,1,2,0,2026,1,7
714,6513,3,13,2,2,0,2026,6,29
715,3174,5,14,0,2,0,2026,1,13
716,3572,2,16,0,4,0,2026,3,6
717,35744,3,8,1,1,0,2026,1,10
718,19089,0,20,0,2,0,2026,3,13
719,2067,5,19,0,4,0,2026,3,4
720,15431,3,8,1,3,0,2026,2,6
721,1146,5,19,0,1,0,2026,6,19
722,42224,4,17,0,0,0,2026,5,27
723,4636,2,10,2,0,0,2026,1,30
724,1110,2,16,0,4,0,2026,1,12
725,7957,5,14,1,1,0,2026,5,21
726,2705,1,12,0,4,0,2026,4,20
727,6582,4,0,0,1,0,2026,3,25
728,4700,5,18,0,3,0,2026,2,3
729,3675,5,14,0,2,0,2026,6,27
730,11631,3,13,0,3,0,2026,4,16
731,52235,4,17,2,1,1,2026,1,20
732,11440,1,3,0,2,0,2026,3,9
733,17319,0,9,2,4,0,2026,3,16
734,6526,5,14,0,3,0,2026,3,12
735,6193,5,14,0,0,0,2026,6,26
736,14474,4,4,2,4,0,2026,6,1
737,2207,1,12,0,2,0,2026,2,25
738,4155,1,12,1,0,0,2026,5,20
739,6768,2,16,2,3,0,2026,1,11
740,21713,3,8,1,1,0,2026,6,13
741,33199,4,17,0,3,0,2026,6,15
742,3868,2,2,1,2,0,2026,2,7
743,7528,2,10,0,0,0,2026,6,3
744,6477,2,2,0,4,0,2026,1,28
745,18962,1,7,1,3,0,2026,1,13
746,8301,0,20,2,0,1,2026,3,2
747,6341,2,15,0,4,0,2026,5,22
748,15223,1,3,2,1,0,2026,4,28
749,54286,4,17,1,3,1,2026,1,26
750,475,5,18,0,4,0,2026,2,18
751,21076,3,11,1,3,0,2026,4,9
752,7067,5,18,1,2,0,2026,1,2
753,5593,2,16,0,4,0,2026,5,18
754,3077,2,2,1,4,0,2026,3,24
755,53723,4,4,2,2,0,2026,3,6
756,6098,2,10,1,2,0,2026,4,14
757,5339,5,18,2,2,0,2026,2,2
758,54327,4,6,2,2,0,2026,5,1
759,23827,0,9,1,0,0,2026,2,2
760,6329,2,2,0,0,0,2026,1,5
761,9825,1,3,1,1,0,2026,3,23
762,1430,5,14,0,0,0,2026,1,26
763,35678,3,13,0,4,0,2026,2,23
764,11910,3,8,0,0,0,2026,4,18
765,1043,2,10,1,0,0,2026,5,31
766,3698,0,9,0,2,0,2026,4,29
767,4242,2,16,2,0,0,2026,4,29
768,23561,0,5,1,2,0,2026,6,17
769,13233,0,9,0,1,0,2026,5,14
770,18493,0,9,2,2,0,2026,1,25
771,666,2,10,1,4,0,2026,3,8
772,17969,4,6,1,3,0,2026,3,22
773,23370,0,5,1,3,0,2026,3,5
774,6211,2,15,1,0,0,2026,6,29
775,5366,5,19,0,4,0,2026,1,10
776,5539,5,1,1,2,0,2026,4,30
777,19670,1,3,2,0,0,2026,2,3
778,10596,0,9,2,2,0,2026,2,4
779,17494,1,12,2,2,0,2026,3,3
780,31820,3,11,1,2,0,2026,5,19
781,23754,0,9,0,4,0,2026,6,23
782,7663,3,13,2,0,0,2026,6,3
783,26814,3,13,2,1,0,2026,1,2
784,4722,5,1,2,1,0,2026,6,26
785,38806,3,11,0,1,0,2026,6,3
786,5170,0,20,1,1,0,2026,3,29
787,11048,3,11,0,0,0,2026,2,20
788,57621,4,0,0,2,0,2026,2,15
789,28834,3,13,1,3,0,2026,3,5
790,28585,3,13,0,2,0,2026,4,13
791,58180,4,0,1,2,0,2026,2,3
792,24513,4,0,1,4,0,2026,3,2
793,41380,4,17,1,3,0,2026,2,10
794,5082,5,18,0,4,0,2026,4,9
795,18363,3,8,2,0,0,2026,5,23
796,9345,1,3,0,0,0,2026,5,15
797,878,2,10,1,0,0,2026,4,4
798,22906,3,13,2,4,1,2026,4,5
799,32631,3,11,2,4,0,2026,5,29
800,5594,5,1,0,3,0,2026,6,12
801,2994,2,10,0,4,0,2026,2,16
802,12320,0,20,2,0,0,2026,5,4
803,2430,1,7,2,2,0,2026,2,2
804,21786,3,13,1,3,0,2026,3,12
805,5268,5,14,2,2,0,2026,4,20
806,19684,1,7,2,3,0,2026,2,7
807,8733,1,12,0,0,0,2026,3,12
808,22227,4,6,2,4,0,2026,2,26
809,4936,2,15,2,3,0,2026,4,30
810,390,5,19,1,1,0,2026,1,18
811,52844,4,6,1,1,0,2026,5,1
812,11891,0,5,2,3,0,2026,1,14
813,3520,3,8,0,0,0,2026,3,25
814,7254,1,12,0,0,0,2026,1,22
815,12576,3,11,1,0,0,2026,2,22
816,9148,4,17,1,2,0,2026,5,2
817,15740,0,5,1,3,0,2026,6,10
818,39061,4,4,0,2,0,2026,1,20
819,15170,4,4,1,0,0,2026,4,26
820,4354,1,12,2,0,0,2026,5,13
821,4653,3,13,0,1,1,2026,1,3
822,979,5,18,2,2,0,2026,2,20
823,49364,4,17,0,1,0,2026,5,4
824,3663,1,3,0,1,0,2026,3,17
825,1362,0,5,0,0,0,2026,1,30
826,3395,5,19,0,1,0,2026,6,17
827,6816,5,14,2,3,0,2026,2,15
828,36289,3,11,0,2,0,2026,5,6
829,5991,5,14,0,4,0,2026,3,31
830,7814,5,1,0,0,0,2026,4,1
831,13439,1,12,0,3,0,2026,2,1
832,13911,3,8,1,2,0,2026,5,11
833,7239,1,3,2,4,0,2026,1,14
834,778,2,10,0,0,0,2026,5,17
835,5783,5,19,1,2,0,2026,6,10
836,11157,4,4,1,4,0,2026,5,1
837,12083,4,6,1,1,0,2026,4,11
838,19593,4,0,2,0,0,2026,4,24
839,5231,1,3,2,4,0,2026,1,29
840,6084,2,2,1,4,0,2026,4,1
841,9505,3,11,0,4,0,2026,4,27
842,15822,4,17,0,2,0,2026,5,17
843,3980,5,19,0,4,0,2026,3,28
844,3316,0,20,0,4,0,2026,3,27
845,13257,3,13,0,4,0,2026,1,25
846,973,2,2,0,1,0,2026,2,2
847,18045,1,7,1,2,0,2026,3,4
848,20541,3,8,0,0,0,2026,6,23
849,19519,0,20,0,3,0,2026,4,30
850,13641,1,12,1,3,0,2026,6,15
851,6046,2,16,2,4,1,2026,3,25
852,1156,2,16,0,3,0,2026,3,14
853,7250,2,15,1,3,0,2026,6,3
854,14471,1,3,0,1,0,2026,1,11
855,7075,5,14,2,4,1,2026,6,9
856,10075,1,3,1,0,0,2026,6,16
857,24536,0,5,1,0,0,2026,6,18
858,49726,4,17,0,3,0,2026,4,27
859,12245,0,9,0,0,0,2026,1,31
860,6793,2,15,1,4,0,2026,3,1
861,59568,4,4,2,0,1,2026,6,6
862,18863,4,6,0,2,0,2026,5,22
863,21602,4,4,1,3,0,2026,1,19
864,17773,1,3,0,1,0,2026,1,4
865,14276,0,5,1,1,0,2026,6,4
866,13652,0,5,0,3,0,2026,6,29
867,6536,5,14,2,3,0,2026,2,19
868,1208,5,14,2,2,0,2026,5,2
869,6881,5,18,0,0,0,2026,1,14
870,5612,5,19,0,0,0,2026,1,25
871,6878,5,14,2,4,0,2026,3,22
872,6284,5,1,0,1,0,2026,2,20
873,17090,3,13,0,4,0,2026,1,24
874,39010,4,6,1,4,0,2026,1,22
875,47066,4,6,0,3,0,2026,1,15
876,2347,1,7,1,0,0,2026,1,31
877,14393,3,11,1,3,0,2026,4,5
878,58513,4,17,2,0,0,2026,1,21
879,4940,2,10,2,0,0,2026,4,20
880,6265,3,11,2,4,0,2026,5,30
881,7619,0,5,1,2,0,2026,5,27
882,5762,5,18,0,1,1,2026,6,1
883,752,2,10,0,2,0,2026,6,16
884,44424,4,17,1,1,0,2026,3,4
885,33935,3,8,0,0,0,2026,6,28
886,57703,4,0,0,2,0,2026,5,9
887,6430,2,10,1,3,0,2026,2,11
888,2880,5,14,2,3,0,2026,3,25
889,24358,3,13,0,2,0,2026,2,12
890,50328,4,17,0,4,0,2026,3,14
891,8785,3,11,2,2,0,2026,2,6
892,1288,5,18,1,2,0,2026,1,19
893,12131,0,5,2,2,0,2026,2,3
894,55091,4,6,2,4,0,2026,3,1
895,6283,2,16,1,0,0,2026,5,15
896,12399,0,5,1,2,0,2026,4,19
897,1129,2,10,2,2,0,2026,6,22
898,5154,1,7,0,0,0,2026,2,23
899,15053,0,20,1,3,0,2026,6,14
900,4283,2,16,1,4,0,2026,3,2
901,6346,0,9,2,3,0,2026,6,8
902,6852,2,10,0,0,0,2026,1,15
903,16774,1,7,0,3,0,2026,5,26
904,2774,5,14,0,1,0,2026,4,18
905,12051,3,8,1,3,0,2026,4,12
906,3657,1,12,1,1,0,2026,3,1
907,57501,4,4,0,3,0,2026,3,5
908,6913,5,18,2,3,0,2026,5,25
909,11780,4,4,0,4,0,2026,2,25
910,35803,4,17,2,2,0,2026,1,1
911,12282,4,0,2,3,0,2026,2,15
912,17830,1,12,2,2,0,2026,5,16
913,19130,0,9,1,2,0,2026,6,12
914,16767,0,9,0,0,0,2026,3,5
915,9106,3,8,1,1,0,2026,1,13
916,27714,4,6,1,1,0,2026,1,6
917,12739,0,9,0,0,0,2026,5,3
918,1550,1,7,2,4,0,2026,1,21
919,3111,1,7,2,4,0,2026,3,25
920,14062,4,17,1,0,0,2026,2,6
921,32387,3,11,0,4,0,2026,6,3
922,14769,1,3,0,4,0,2026,3,30
923,5761,1,7,2,4,0,2026,6,19
924,22622,0,5,0,1,0,2026,2,6
925,6154,2,2,2,1,0,2026,2,12
926,1446,2,15,1,3,0,2026,3,30
927,2161,5,14,2,4,0,2026,2,4
928,41074,4,17,1,0,0,2026,6,3
929,8562,1,7,1,1,0,2026,5,18
930,26729,4,17,0,4,0,2026,6,27
931,18709,0,5,1,0,0,2026,5,14
932,6860,5,1,0,3,0,2026,4,28
933,15141,3,8,0,3,0,2026,6,14
934,3984,2,16,0,4,0,2026,2,24
935,6124,2,10,1,1,0,2026,5,19
936,6855,3,11,2,2,0,2026,1,17
937,13247,1,7,2,2,0,2026,2,13
938,4641,5,1,1,4,0,2026,3,14
939,3583,2,15,1,1,0,2026,6,10
940,4955,3,8,0,4,0,2026,6,23
941,1610,1,12,1,2,0,2026,4,16
942,21491,3,8,1,3,0,2026,2,22
943,52204,4,17,2,2,0,2026,2,16
944,5646,4,6,1,2,0,2026,4,7
945,12874,3,8,0,0,0,2026,5,17
946,11419,3,13,0,3,0,2026,2,3
947,35587,4,6,2,1,0,2026,3,30
948,7768,2,2,2,2,0,2026,4,23
949,19986,1,7,0,0,0,2026,6,5
950,5401,2,16,1,3,0,2026,1,23
951,5998,1,3,1,3,0,2026,2,2
952,4065,3,13,0,4,0,2026,3,13
953,58531,4,6,2,2,0,2026,5,2
954,33872,3,8,0,3,0,2026,1,5
955,5372,2,16,2,4,0,2026,5,25
956,1941,1,7,0,0,0,2026,5,25
957,1631,5,14,0,4,0,2026,1,11
958,16846,4,4,2,3,0,2026,2,8
959,5591,2,15,2,2,0,2026,1,12
960,4961,0,20,1,0,0,2026,4,29
961,48144,4,0,0,0,0,2026,2,26
962,18676,1,7,1,2,0,2026,5,28
963,53496,4,17,0,1,1,2026,5,15
964,18750,3,8,2,4,0,2026,4,18
965,16964,3,8,1,1,0,2026,2,12
966,3527,2,10,1,1,0,2026,1,20
967,3929,2,10,1,0,0,2026,1,10
968,4603,5,19,2,0,0,2026,3,17
969,3064,5,18,2,0,0,2026,5,18
970,5246,5,14,0,3,0,2026,1,22
971,26936,3,8,1,2,0,2026,3,1
972,6801,2,10,2,1,0,2026,6,5
973,16658,4,4,1,0,0,2026,6,27
974,4372,2,16,2,0,0,2026,2,8
975,59086,4,0,0,3,1,2026,3,12
976,5320,2,10,1,4,0,2026,1,29
977,3100,5,1,0,4,0,2026,5,1
978,1273,2,2,0,0,0,2026,3,1
979,8782,1,12,0,4,0,2026,5,26
980,57535,4,4,2,3,0,2026,4,19
981,50137,4,6,1,4,1,2026,4,13
982,2722,1,3,2,0,0,2026,5,8
983,7820,2,2,1,1,0,2026,1,2
984,57830,4,6,0,2,0,2026,5,6
985,18040,4,6,1,2,0,2026,3,28
986,7693,2,16,2,4,0,2026,3,11
987,34609,3,11,0,2,1,2026,2,10
988,31246,3,13,0,0,0,2026,1,4
989,3732,1,7,2,2,0,2026,2,9
990,4501,2,16,1,4,0,2026,3,29
991,6277,2,16,2,4,0,2026,5,28
992,2398,2,16,1,4,0,2026,6,18
993,3419,5,1,0,1,0,2026,2,3
994,8968,3,13,1,1,0,2026,6,24
995,11933,1,3,2,4,0,2026,5,11
996,24468,3,8,2,2,0,2026,1,5
997,42557,4,0,2,4,0,2026,6,20
998,19398,0,5,0,1,0,2026,4,27
999,14586,3,11,1,4,0,2026,2,17
1000,5393,0,9,1,1,0,2026,5,15
1001,4733,5,14,0,4,0,2026,4,9
1002,9113,0,9,0,3,0,2026,4,22
1003,14069,1,3,0,1,0,2026,5,7
1004,34165,3,13,0,0,0,2026,1,23
1005,4125,1,3,1,1,0,2026,2,13
1006,15377,1,12,2,0,0,2026,6,15
1007,18696,1,7,1,3,0,2026,6,26
1008,11202,1,12,1,0,0,2026,1,8
1009,19577,1,12,2,0,1,2026,2,17
1010,1071,5,1,0,3,0,2026,1,9
1011,9351,3,8,2,1,0,2026,6,16
1012,22267,0,20,2,0,0,2026,2,14
1013,7863,2,2,1,3,0,2026,2,15
1014,4280,5,1,2,2,0,2026,1,23
1015,2091,5,18,0,1,0,2026,5,1
1016,2202,2,2,2,0,0,2026,6,12
1017,54634,4,6,2,2,0,2026,3,10
1018,32399,3,11,2,0,1,2026,2,11
1019,19519,0,9,1,0,0,2026,4,19
1020,22983,4,6,2,3,0,2026,3,30
1021,5240,5,18,1,4,0,2026,2,18
1022,22829,4,6,0,0,0,2026,3,5
1023,5048,2,16,0,4,0,2026,5,2
1024,50688,4,0,1,0,1,2026,5,24
1025,4009,5,14,1,1,0,2026,2,7
1026,1375,0,9,0,4,0,2026,4,27
1027,3496,2,2,1,4,0,2026,3,1
1028,1978,5,14,0,4,0,2026,5,18
1029,21480,4,17,2,2,0,2026,4,21
1030,16774,1,7,0,1,0,2026,5,26
1031,4390,5,1,0,3,0,2026,2,18
1032,3176,5,18,2,3,0,2026,6,21
1033,5991,1,7,2,1,0,2026,2,1
1034,6023,2,16,2,2,1,2026,3,3
1035,11730,0,5,0,0,0,2026,2,20
1036,38748,3,13,2,0,0,2026,5,13
1037,41710,4,17,1,0,1,2026,4,26
1038,8234,3,13,2,0,0,2026,3,23
1039,3216,1,3,0,3,0,2026,1,27
1040,11727,1,3,2,3,0,2026,1,28
1041,4130,5,14,2,0,0,2026,1,12
1042,1337,2,10,1,3,0,2026,2,19
1043,22240,0,9,2,4,0,2026,6,16
1044,14063,0,20,2,1,0,2026,5,3
1045,7120,5,19,2,3,1,2026,1,23
1046,7996,5,14,1,3,0,2026,2,6
1047,4959,5,1,2,1,0,2026,6,10
1048,51247,4,17,2,3,0,2026,6,12
1049,17276,0,20,0,0,0,2026,4,7
1050,18618,0,20,1,4,0,2026,2,19
1051,6451,4,6,0,2,0,2026,2,23
1052,4121,1,7,1,2,0,2026,3,21
1053,19663,0,20,1,1,0,2026,6,12
1054,806,5,14,0,4,0,2026,1,7
1055,4793,2,10,1,4,0,2026,2,21
1056,17888,3,13,0,2,0,2026,3,21
1057,6877,2,2,2,2,0,2026,5,3
1058,3125,2,15,1,2,0,2026,5,7
1059,23040,0,5,1,2,0,2026,3,28
1060,19869,1,12,1,1,0,2026,6,3
1061,974,2,2,0,0,0,2026,4,25
1062,312,5,19,2,2,0,2026,5,25
1063,21048,4,4,1,0,0,2026,2,24
1064,15616,3,11,2,4,0,2026,6,2
1065,7086,5,14,2,4,0,2026,1,22
1066,32176,4,0,0,1,0,2026,4,23
1067,46282,4,4,0,2,0,2026,1,28
1068,57467,4,17,2,3,0,2026,4,5
1069,4775,2,15,0,0,0,2026,6,8
1070,21681,0,9,0,4,0,2026,4,4
1071,13740,1,7,2,1,1,2026,5,24
1072,5540,1,3,0,3,0,2026,6,21
1073,41578,4,6,0,0,0,2026,5,23
1074,22095,3,13,2,3,0,2026,4,7
1075,6368,0,5,1,0,0,2026,5,20
1076,7061,4,6,1,2,0,2026,2,26
1077,4651,0,5,0,0,0,2026,6,4
1078,751,2,10,2,4,0,2026,1,28
1079,25055,3,8,1,4,0,2026,2,11
1080,34839,4,6,1,1,0,2026,1,12
1081,24000,0,5,0,0,0,2026,1,4
1082,23384,3,11,2,0,0,2026,4,1
1083,5788,0,5,2,2,0,2026,5,22
1084,7789,5,19,1,0,1,2026,6,13
1085,4428,2,16,1,4,0,2026,3,30
1086,32873,4,6,2,3,0,2026,2,28
1087,1457,5,14,0,1,0,2026,5,1
1088,2079,5,18,0,0,0,2026,4,24
1089,20208,3,13,1,2,0,2026,5,15
1090,20695,3,11,1,4,0,2026,1,1
1091,7959,1,3,1,2,0,2026,1,12
1092,7099,3,8,2,4,0,2026,2,26
1093,38055,4,17,1,4,0,2026,1,11
1094,6900,0,20,2,0,0,2026,6,5
1095,4265,2,2,0,2,0,2026,5,2
1096,2655,5,1,2,0,0,2026,3,28
1097,17083,1,7,0,4,0,2026,1,2
1098,11613,1,12,0,2,0,2026,3,6
1099,24650,0,20,1,0,0,2026,3,19
1100,9103,3,13,2,0,0,2026,6,25
1101,704,2,2,0,4,0,2026,2,2
1102,23784,4,6,2,0,0,2026,6,18
1103,1178,1,12,0,0,0,2026,4,6
1104,3507,3,13,1,1,0,2026,6,14
1105,28281,3,8,0,2,0,2026,3,30
1106,7470,2,15,2,0,0,2026,4,2
1107,6426,0,9,2,3,0,2026,4,21
1108,19938,0,5,1,3,0,2026,3,6
1109,45804,4,0,1,0,1,2026,4,22
1110,57123,4,6,2,2,0,2026,1,3
1111,48534,4,6,2,3,1,2026,2,5
1112,9353,3,13,2,2,0,2026,1,7
1113,2032,2,16,2,4,0,2026,5,26
1114,17524,1,7,0,1,0,2026,3,14
1115,6153,1,12,0,3,0,2026,1,27
1116,6698,4,6,0,4,0,2026,1,8
1117,1097,0,20,0,2,0,2026,1,5
1118,6825,0,9,0,1,0,2026,4,7
1119,7096,1,7,0,3,0,2026,5,21
1120,13952,1,12,0,3,0,2026,1,14
1121,14627,1,12,2,1,0,2026,3,3
1122,50394,4,0,0,4,0,2026,4,19
1123,11612,3,13,2,1,0,2026,3,2
1124,10820,4,17,2,3,0,2026,3,9
1125,9659,0,5,1,3,0,2026,3,20
1126,3835,5,1,2,4,0,2026,6,18
1127,17163,1,3,2,4,0,2026,4,6
1128,15120,3,8,2,2,0,2026,3,22
1129,10266,1,12,0,3,0,2026,2,17
1130,13386,1,7,0,1,0,2026,2,18
1131,2127,0,5,2,1,1,2026,4,1
1132,37258,4,4,1,3,0,2026,3,8
1133,4237,2,2,0,1,0,2026,4,6
1134,55193,4,6,1,3,0,2026,2,21
1135,35847,4,0,0,1,0,2026,2,17
1136,10199,0,20,2,1,0,2026,3,19
1137,24023,4,0,1,2,0,2026,4,11
1138,2877,2,2,1,2,0,2026,2,24
1139,3327,1,7,2,4,1,2026,6,21
1140,6417,0,5,0,1,0,2026,6,22
1141,2522,5,18,0,0,0,2026,6,20
1142,18720,3,11,2,4,0,2026,6,18
1143,39857,4,4,0,2,0,2026,1,15
1144,13340,1,3,0,2,0,2026,6,23
1145,24055,0,5,1,1,0,2026,3,10
1146,5638,5,14,2,0,0,2026,2,10
1147,10450,3,13,2,0,0,2026,3,1
1148,2209,5,1,2,2,0,2026,2,1
1149,58378,4,6,2,2,1,2026,6,12
1150,16581,1,12,1,0,0,2026,6,8
1151,8695,4,6,1,3,0,2026,4,23
1152,20899,0,20,2,0,1,2026,3,11
1153,5489,5,1,2,2,0,2026,3,4
1154,49230,4,6,2,3,1,2026,1,26
1155,9882,0,9,1,1,0,2026,5,23
1156,3364,2,2,2,0,0,2026,2,9
1157,4232,2,10,1,3,0,2026,4,29
1158,2490,1,7,0,3,0,2026,2,23
1159,10629,0,5,1,2,0,2026,2,9
1160,2550,2,10,1,3,0,2026,6,22
1161,28272,3,13,2,1,0,2026,4,13
1162,53640,4,0,2,3,0,2026,6,3
1163,24273,3,11,2,1,0,2026,1,14
1164,43544,4,0,2,3,0,2026,1,29
1165,3125,5,14,1,4,0,2026,2,11
1166,1021,5,1,0,0,0,2026,1,12
1167,6721,0,5,1,0,0,2026,1,26
1168,3172,2,2,0,2,0,2026,1,7
1169,20183,3,13,1,2,0,2026,2,8
1170,32164,4,0,1,4,0,2026,3,15
1171,17396,1,7,1,3,0,2026,3,1
1172,14812,1,3,2,4,0,2026,5,15
1173,2101,0,5,1,1,0,2026,6,9
1174,15137,1,3,1,3,0,2026,3,31
1175,1445,5,14,0,0,0,2026,4,7
1176,4417,1,12,1,4,0,2026,1,22
1177,20624,4,17,1,3,0,2026,2,26
1178,2258,2,2,0,3,0,2026,5,9
1179,6021,2,10,0,1,0,2026,5,5
1180,31831,4,4,0,2,0,2026,3,5
1181,25003,4,0,2,2,0,2026,6,19
1182,13563,1,3,1,3,0,2026,2,13
1183,7207,2,2,1,1,0,2026,2,11
1184,3020,5,14,0,4,0,2026,3,4
1185,24032,4,0,1,4,0,2026,3,12
1186,5859,3,8,2,3,0,2026,1,8
1187,3755,1,7,2,4,0,2026,2,22
1188,2832,5,14,0,4,0,2026,3,9
1189,2969,2,15,1,2,0,2026,5,18
1190,7475,3,11,0,4,0,2026,4,24
1191,4321,2,2,0,4,0,2026,1,17
1192,47905,4,0,1,3,0,2026,1,11
1193,8614,4,0,2,2,0,2026,1,13
1194,8292,0,9,1,2,0,2026,3,21
1195,8100,3,13,1,3,0,2026,5,18
1196,15339,4,17,0,4,0,2026,1,23
1197,3287,0,5,1,3,0,2026,5,23
1198,4001,5,1,2,1,0,2026,4,7
1199,1438,1,3,1,2,0,2026,2,11
1200,17617,3,11,1,1,0,2026,4,1
1201,709,2,16,0,2,0,2026,3,18
1202,12893,1,3,2,0,0,2026,5,22
1203,15363,1,12,1,0,0,2026,5,16
1204,12178,1,12,1,2,0,2026,5,2
1205,13235,0,5,2,0,0,2026,1,21
1206,5370,5,19,0,3,0,2026,2,14
1207,4401,5,14,1,3,0,2026,6,12
1208,9712,1,7,0,3,1,2026,4,15
1209,3552,2,2,2,2,0,2026,5,12
1210,34404,3,13,0,2,0,2026,2,13
1211,14973,0,9,2,0,0,2026,4,9
1212,3415,5,1,0,1,0,2026,6,24
1213,52216,4,17,1,0,1,2026,2,6
1214,19994,3,13,2,3,0,2026,5,28
1215,2598,0,9,2,2,0,2026,3,29
1216,58953,4,6,0,4,0,2026,6,18
1217,16528,0,20,2,2,0,2026,3,28
1218,51764,4,4,1,1,0,2026,1,20
1219,7401,5,1,0,0,0,2026,1,25
1220,1921,2,16,1,0,0,2026,3,4
1221,5658,3,11,2,3,0,2026,4,24
1222,6925,1,12,0,1,0,2026,4,1
1223,1497,2,10,2,3,0,2026,3,31
1224,8448,3,11,2,0,0,2026,2,15
1225,39199,3,8,1,2,0,2026,6,24
1226,13644,3,8,2,2,0,2026,6,3
1227,1082,5,1,0,1,0,2026,3,14
1228,4720,2,15,0,3,0,2026,4,5
1229,9505,1,12,1,2,1,2026,5,3
1230,856,5,14,1,0,0,2026,3,13
1231,19742,1,7,0,0,0,2026,6,28
1232,13023,1,3,1,0,0,2026,4,21
1233,6727,2,2,0,1,0,2026,4,28
1234,8427,0,20,2,2,0,2026,2,5
1235,10372,1,7,2,1,0,2026,6,7
1236,34789,4,17,0,1,0,2026,6,5
1237,15494,0,5,1,2,0,2026,2,12
1238,2755,2,10,0,4,0,2026,6,2
1239,20095,3,13,1,0,0,2026,1,27
1240,8320,1,12,2,0,0,2026,1,4
1241,7109,2,2,1,0,0,2026,3,31
1242,18231,4,17,1,3,0,2026,2,26
1243,13429,0,5,0,2,0,2026,2,23
1244,2462,2,15,2,3,0,2026,6,19
1245,4732,5,14,0,4,0,2026,4,1
1246,7836,0,20,2,1,1,2026,2,20
1247,6254,2,16,1,2,0,2026,1,22
1248,30197,3,8,0,1,0,2026,3,8
1249,57146,4,6,2,0,0,2026,2,19
1250,9253,4,17,0,3,0,2026,1,28
1251,12486,1,3,1,0,0,2026,5,14
1252,47770,4,6,0,0,0,2026,5,24
1253,5804,1,3,2,1,0,2026,4,22
1254,20482,0,9,1,2,0,2026,4,8
1255,6037,2,16,0,4,0,2026,6,21
1256,13712,0,20,0,0,0,2026,6,26
1257,42555,4,17,0,4,0,2026,3,1
1258,21535,0,9,0,4,0,2026,4,23
1259,5075,1,3,0,0,0,2026,1,6
1260,11032,3,11,1,2,0,2026,2,28
1261,14655,3,13,1,1,0,2026,4,28
1262,21665,3,13,0,2,0,2026,6,7
1263,36255,3,11,2,4,0,2026,2,23
1264,902,2,15,0,2,0,2026,4,19
1265,7407,4,4,1,2,0,2026,5,28
1266,38626,4,6,0,4,0,2026,2,2
1267,3471,2,16,1,4,0,2026,4,15
1268,4046,3,8,0,4,0,2026,5,4
1269,3796,5,18,1,0,0,2026,4,17
1270,3714,3,13,2,1,0,2026,6,13
1271,32587,4,0,0,1,0,2026,4,24
1272,13882,0,20,1,4,0,2026,1,3
1273,3380,2,2,2,4,0,2026,6,21
1274,2425,5,18,1,2,0,2026,6,7
1275,6847,5,1,1,2,0,2026,2,24
1276,2502,5,19,0,0,0,2026,5,19
1277,461,5,19,1,0,0,2026,5,21
1278,41200,4,4,1,2,0,2026,2,5
1279,8475,1,7,0,0,0,2026,5,6
1280,28171,3,13,2,1,0,2026,4,9
1281,57183,4,17,1,1,0,2026,3,1
1282,15536,1,7,2,3,0,2026,3,28
1283,8678,1,12,0,0,0,2026,1,29
1284,4828,2,15,0,3,0,2026,5,1
1285,2170,1,7,2,3,0,2026,3,1
1286,43231,4,4,0,4,0,2026,2,1
1287,6678,2,2,2,1,0,2026,3,17
1288,26799,3,8,1,1,0,2026,4,12
1289,1129,5,14,1,2,0,2026,6,22
1290,5770,1,7,1,0,0,2026,4,20
1291,11948,1,3,2,1,0,2026,2,3
1292,20806,4,17,2,0,1,2026,6,27
1293,11409,3,11,1,1,0,2026,6,17
1294,34758,3,11,2,2,0,2026,3,10
1295,18383,4,4,2,0,0,2026,4,12
1296,5554,0,20,0,4,0,2026,1,5
1297,7364,2,2,1,2,0,2026,2,19
1298,7896,5,18,1,1,0,2026,2,2
1299,42160,4,4,0,2,1,2026,6,7
1300,16901,3,8,2,0,0,2026,2,6
1301,5483,5,18,2,0,1,2026,3,9
1302,7840,2,10,0,0,0,2026,2,18
1303,6752,1,7,0,4,0,2026,3,26
1304,5709,2,15,1,4,0,2026,2,1
1305,16655,1,12,2,2,0,2026,2,25
1306,1305,5,14,1,0,0,2026,6,25
1307,2345,2,10,0,2,1,2026,3,21
1308,4469,5,18,1,0,0,2026,1,31
1309,6178,1,12,1,3,0,2026,4,8
1310,10917,1,3,2,0,0,2026,6,5
1311,21167,4,4,0,0,0,2026,1,11
1312,19089,0,5,1,1,0,2026,2,27
1313,21118,4,6,1,1,0,2026,3,20
1314,4640,0,20,0,4,0,2026,1,10
1315,6340,2,16,0,4,0,2026,3,2
1316,7644,5,18,2,1,0,2026,3,8
1317,20447,0,5,1,2,0,2026,2,8
1318,9476,0,20,0,1,0,2026,3,3
1319,23579,4,4,0,3,0,2026,1,18
1320,2618,5,18,0,2,0,2026,1,19
1321,26042,3,13,2,1,0,2026,1,26
1322,14270,0,9,2,0,0,2026,2,6
1323,16529,0,20,2,3,0,2026,5,4
1324,4165,0,9,1,1,0,2026,2,3
1325,4776,0,5,0,2,0,2026,3,29
1326,33676,4,0,0,0,0,2026,4,27
1327,10568,3,11,0,4,0,2026,5,11
1328,1036,5,19,1,2,0,2026,4,3
1329,5436,2,16,0,3,0,2026,4,21
1330,43348,4,0,0,0,1,2026,2,9
1331,26230,3,13,2,3,0,2026,5,30
1332,836,5,1,1,0,0,2026,4,11
1333,33442,3,8,1,4,0,2026,1,6
1334,20302,0,20,0,0,0,2026,4,5
1335,7198,2,2,1,3,0,2026,6,8
1336,20258,4,6,2,3,0,2026,4,12
1337,6719,2,2,0,2,0,2026,1,12
1338,5195,5,18,1,2,0,2026,3,28
1339,17160,0,9,1,2,0,2026,6,5
1340,19909,1,7,2,1,0,2026,6,22
1341,17997,3,11,0,4,0,2026,5,1
1342,22886,4,0,2,4,0,2026,2,7
1343,11810,1,3,1,2,0,2026,2,15
1344,12624,1,7,0,4,0,2026,2,15
1345,19261,3,11,0,3,0,2026,6,19
1346,10479,4,17,0,2,0,2026,1,17
1347,36662,3,13,2,3,0,2026,4,14
1348,21070,0,20,1,3,0,2026,4,27
1349,15622,1,3,2,3,0,2026,6,9
1350,12361,1,3,2,2,1,2026,3,21
1351,25889,4,6,2,1,0,2026,4,4
1352,6596,0,9,0,3,1,2026,3,17
1353,3676,2,16,2,1,1,2026,2,23
1354,42348,4,6,0,0,0,2026,4,1
1355,5325,5,1,2,4,0,2026,3,3
1356,7857,2,10,0,0,0,2026,2,15
1357,6939,2,16,0,1,0,2026,2,9
1358,28314,4,4,1,1,0,2026,6,16
1359,3209,5,1,0,4,0,2026,6,13
1360,5917,2,2,0,3,0,2026,1,8
1361,581,2,15,1,3,0,2026,2,21
1362,23295,3,13,2,1,0,2026,3,5
1363,24379,0,9,1,2,0,2026,2,10
1364,10756,0,5,0,2,0,2026,1,20
1365,2436,2,15,2,2,0,2026,3,3
1366,8002,0,9,2,3,0,2026,4,15
1367,19420,0,9,0,1,0,2026,5,20
1368,14588,4,0,0,0,0,2026,2,13
1369,4951,2,2,1,2,0,2026,3,14
1370,6133,0,5,0,2,0,2026,2,16
1371,5109,3,8,2,4,0,2026,5,17
1372,15876,0,5,0,4,0,2026,3,7
1373,2675,2,2,2,4,0,2026,6,23
1374,12728,3,13,1,1,0,2026,5,30
1375,6149,0,5,0,3,0,2026,6,9
1376,14020,0,5,2,2,0,2026,4,27
1377,5513,0,5,0,4,0,2026,1,23
1378,34293,4,4,2,0,0,2026,6,4
1379,2809,2,16,2,3,0,2026,6,8
1380,1757,1,7,1,2,0,2026,5,3
1381,22531,3,11,1,4,0,2026,6,9
1382,8747,4,6,1,1,0,2026,5,29
1383,29085,3,11,0,4,0,2026,4,18
1384,32318,4,4,2,2,0,2026,5,30
1385,7792,2,16,2,3,0,2026,5,23
1386,20638,0,20,0,1,1,2026,6,16
1387,21242,3,11,1,3,0,2026,2,25
1388,18788,4,17,2,0,0,2026,5,15
1389,13595,3,11,1,4,0,2026,3,15
1390,6315,5,1,2,3,0,2026,6,9
1391,8400,0,5,1,2,0,2026,1,3
1392,5486,2,2,1,2,0,2026,2,8
1393,2467,5,18,0,1,0,2026,5,27
1394,5656,0,20,0,0,0,2026,6,18
1395,9963,0,20,1,3,0,2026,5,3
1396,9846,0,5,1,0,0,2026,4,30
1397,33907,3,8,1,2,0,2026,5,7
1398,3738,5,1,2,1,0,2026,2,1
1399,25876,3,8,1,2,0,2026,2,8
1400,7792,1,7,2,1,0,2026,6,9
1401,36426,4,4,0,0,0,2026,5,29
1402,5164,2,15,2,0,0,2026,1,25
1403,2503,2,16,2,1,1,2026,2,20
1404,10272,4,0,0,3,0,2026,3,24
1405,6368,3,8,0,1,0,2026,1,19
1406,7175,2,16,0,4,0,2026,4,4
1407,11965,0,20,2,4,0,2026,5,8
1408,1223,0,20,0,1,0,2026,1,18
1409,11250,1,7,0,4,0,2026,2,12
1410,15450,1,12,2,2,0,2026,5,19
1411,6781,0,20,0,2,0,2026,1,1
1412,59391,4,0,0,1,0,2026,2,2
1413,3547,5,14,2,1,0,2026,6,2
1414,6227,2,2,1,0,0,2026,2,12
1415,17801,1,7,2,3,0,2026,3,14
1416,3366,5,19,1,1,0,2026,3,1
1417,17296,0,20,2,4,0,2026,5,19
1418,5733,2,15,2,4,0,2026,5,18
1419,17746,0,5,1,2,0,2026,6,1
1420,3044,5,1,0,1,0,2026,4,19
1421,19398,3,8,2,4,0,2026,1,22
1422,12858,3,8,0,1,0,2026,4,5
1423,28090,4,6,1,4,0,2026,5,29
1424,2176,5,1,2,1,0,2026,5,21
1425,14847,1,7,2,2,0,2026,1,20
1426,52734,4,17,1,0,1,2026,1,31
1427,12517,4,17,1,3,0,2026,2,14
1428,5624,5,1,0,1,0,2026,6,16
1429,15714,4,17,1,4,0,2026,6,25
1430,1477,5,19,2,0,1,2026,3,23
1431,7275,2,2,2,4,0,2026,2,12
1432,5140,2,16,2,1,0,2026,5,7
1433,18264,3,8,2,0,0,2026,3,26
1434,18770,0,9,2,0,1,2026,6,1
1435,3818,2,16,1,1,0,2026,6,6
1436,5508,2,15,1,3,0,2026,1,7
1437,24211,0,20,0,4,0,2026,1,22
1438,18230,0,9,1,1,0,2026,6,5
1439,7665,5,18,2,1,0,2026,5,20
1440,12871,1,3,0,2,0,2026,3,6
1441,948,5,1,2,1,0,2026,3,14
1442,15579,4,4,0,1,0,2026,6,8
1443,6288,2,2,1,2,1,2026,2,4
1444,38788,4,6,2,3,0,2026,1,1
1445,7013,2,2,1,4,0,2026,5,4
1446,18042,0,5,0,1,0,2026,2,19
1447,3046,2,15,1,2,0,2026,3,17
1448,7376,4,17,1,3,0,2026,5,27
1449,27671,4,0,0,4,0,2026,5,5
1450,4044,5,18,0,2,0,2026,3,29
1451,54405,4,6,0,3,0,2026,6,22
1452,29280,3,11,1,0,0,2026,3,17
1453,13840,1,12,1,4,0,2026,3,16
1454,421,5,1,1,0,0,2026,1,5
1455,4648,2,16,2,4,0,2026,4,4
1456,1981,2,10,2,4,0,2026,1,10
1457,15367,1,12,1,3,0,2026,5,21
1458,38834,3,8,0,4,0,2026,1,27
1459,18893,1,3,2,2,0,2026,1,1
1460,2230,1,3,0,3,0,2026,4,26
1461,3627,5,1,1,1,0,2026,2,23
1462,7487,5,1,1,4,0,2026,5,21
1463,3641,5,18,1,3,0,2026,6,26
1464,2546,0,20,0,4,0,2026,1,12
1465,16328,1,7,2,3,0,2026,2,14
1466,7168,4,0,0,0,0,2026,5,24
1467,40709,4,6,1,1,0,2026,2,27
1468,29153,3,8,0,0,0,2026,1,14
1469,33312,3,8,0,1,0,2026,6,9
1470,4312,3,13,2,2,0,2026,2,14
1471,5282,5,1,1,1,0,2026,2,8
1472,3201,5,19,2,2,0,2026,1,9
1473,28123,3,8,1,1,0,2026,2,14
1474,24060,4,0,1,0,0,2026,3,13
1475,6411,2,2,2,1,0,2026,2,24
1476,17960,3,11,2,2,0,2026,3,20
1477,39703,4,4,0,1,0,2026,5,23
1478,10926,3,13,2,1,0,2026,3,4
1479,16885,0,20,2,2,0,2026,2,15
1480,3892,2,10,1,0,0,2026,6,15
1481,9112,1,12,2,4,0,2026,4,21
1482,36261,3,13,1,3,0,2026,4,25
1483,3467,2,10,0,4,0,2026,4,27
1484,22564,0,20,2,2,0,2026,4,4
1485,3015,5,1,0,0,0,2026,1,29
1486,20365,0,9,2,4,0,2026,1,10
1487,23507,0,20,1,2,0,2026,5,21
1488,10043,3,11,2,4,0,2026,5,10
1489,622,5,1,2,0,0,2026,5,12
1490,21442,3,8,1,4,1,2026,4,15
1491,3015,5,1,0,0,0,2026,1,24
1492,43555,4,0,2,3,0,2026,1,7
1493,4106,5,19,2,0,0,2026,2,13
1494,5682,3,8,0,0,0,2026,5,1
1495,16613,1,12,2,4,0,2026,1,5
1496,8064,4,0,2,1,0,2026,2,2
1497,7938,4,0,1,0,0,2026,1,21
1498,17303,0,5,0,1,0,2026,2,23
1499,19699,1,7,1,3,0,2026,1,21
1500,15945,4,17,2,0,0,2026,4,25
1501,6910,5,14,1,4,0,2026,2,16
1502,22088,0,5,2,1,0,2026,3,23
1503,14606,1,3,0,0,0,2026,4,27
1504,39166,3,8,2,2,0,2026,2,5
1505,1182,1,7,2,2,0,2026,5,19
1506,12099,4,4,0,1,0,2026,1,8
1507,5405,5,19,2,4,0,2026,5,2
1508,15553,0,20,2,2,0,2026,4,10
1509,34033,3,11,2,2,1,2026,5,23
1510,16942,1,7,0,2,0,2026,3,27
1511,6391,0,5,2,4,0,2026,4,20
1512,1680,5,18,2,3,1,2026,3,20
1513,38241,3,13,0,0,0,2026,2,15
1514,9513,3,13,1,0,0,2026,2,14
1515,982,5,14,0,0,0,2026,3,5
1516,21689,0,9,2,2,0,2026,2,27
1517,3604,5,18,2,0,1,2026,3,19
1518,25829,3,8,0,3,0,2026,6,16
1519,2952,5,18,1,2,0,2026,5,4
1520,12164,0,5,2,2,0,2026,2,20
1521,12921,0,9,0,3,0,2026,6,6
1522,36211,3,8,0,3,0,2026,5,5
1523,11020,0,9,1,3,0,2026,2,17
1524,13806,1,12,1,0,0,2026,1,15
1525,1822,2,2,1,2,0,2026,6,24
1526,927,2,2,2,3,0,2026,6,19
1527,4004,0,20,2,3,0,2026,6,12
1528,51054,4,17,1,3,0,2026,2,28
1529,12597,1,12,1,4,0,2026,1,22
1530,293,5,1,2,3,0,2026,2,9
1531,1252,5,1,0,1,0,2026,1,14
1532,1284,5,14,1,2,0,2026,5,21
1533,1382,2,16,0,0,0,2026,2,26
1534,22170,3,13,2,3,0,2026,3,14
1535,4776,5,19,0,3,0,2026,6,4
1536,1528,2,15,2,0,0,2026,6,21
1537,20947,4,4,2,4,0,2026,5,17
1538,3330,5,19,0,4,0,2026,6,18
1539,46900,4,6,2,4,0,2026,1,29
1540,35355,4,17,2,4,0,2026,2,1
1541,7484,1,7,2,1,0,2026,2,7
1542,13065,1,12,1,3,0,2026,3,12
1543,8598,3,8,2,4,0,2026,3,30
1544,17738,1,7,1,2,0,2026,2,8
1545,4362,5,14,0,2,0,2026,4,1
1546,4327,0,20,1,4,0,2026,6,5
1547,3977,0,9,2,0,0,2026,2,1
1548,9065,1,7,1,4,0,2026,3,23
1549,43314,4,17,0,0,0,2026,4,8
1550,2402,5,14,2,1,0,2026,2,3
1551,4272,5,14,0,1,0,2026,2,4
1552,5207,1,3,1,2,0,2026,1,26
1553,4938,2,15,2,3,0,2026,3,31
1554,13860,4,4,0,2,0,2026,5,26
1555,13611,1,7,2,3,0,2026,5,9
1556,8337,3,11,2,4,0,2026,1,16
1557,57499,4,0,2,2,1,2026,5,2
1558,6038,2,2,2,4,0,2026,5,13
1559,34007,4,17,1,0,0,2026,5,7
1560,6565,1,3,0,2,0,2026,6,12
1561,2806,2,2,2,3,0,2026,1,29
1562,25303,3,13,1,1,0,2026,1,23
1563,12665,0,9,0,3,0,2026,3,20
1564,2051,5,14,0,3,0,2026,4,10
1565,19536,0,20,1,1,0,2026,2,8
1566,5221,0,5,0,2,1,2026,3,29
1567,5003,5,1,1,2,0,2026,6,18
1568,632,2,15,1,2,0,2026,1,26
1569,3992,1,12,1,0,0,2026,6,25
1570,5870,2,16,0,3,0,2026,1,28
1571,12757,1,3,0,2,0,2026,1,17
1572,32121,4,17,2,4,0,2026,6,21
1573,4796,1,7,2,3,0,2026,5,16
1574,3392,2,10,1,4,0,2026,4,23
1575,8932,1,12,2,4,0,2026,5,20
1576,31126,3,13,2,1,0,2026,4,27
1577,5877,2,16,2,3,0,2026,4,27
1578,14676,0,5,1,4,0,2026,1,21
1579,17418,1,12,2,4,0,2026,6,13
1580,7784,1,7,2,1,1,2026,1,13
1581,59747,4,17,0,1,1,2026,6,24
1582,13537,0,20,1,0,0,2026,1,13
1583,4504,5,1,1,4,0,2026,6,17
1584,13073,0,9,1,3,0,2026,4,4
1585,22021,3,11,2,3,0,2026,6,22
1586,32042,4,0,0,2,0,2026,6,2
1587,13269,4,4,2,3,0,2026,3,14
1588,7768,2,2,2,0,0,2026,2,3
1589,5721,4,6,0,2,0,2026,1,5
1590,8895,0,20,0,2,0,2026,6,11
1591,13001,4,17,0,1,0,2026,2,11
1592,25981,4,6,2,0,0,2026,6,16
1593,25183,4,0,0,1,0,2026,4,27
1594,5876,1,3,0,2,0,2026,1,12
1595,15818,1,12,2,3,0,2026,2,13
1596,23229,4,17,1,3,0,2026,5,12
1597,3156,5,14,2,4,0,2026,5,19
1598,58912,4,4,1,2,1,2026,5,10
1599,3268,3,8,1,2,0,2026,3,29
1600,5967,5,14,0,2,0,2026,5,3
1601,22942,0,9,1,2,0,2026,4,23
1602,5600,3,11,1,3,0,2026,2,14
1603,22510,0,20,1,0,0,2026,3,24
1604,36451,3,8,1,2,0,2026,2,4
1605,8793,1,3,1,0,0,2026,5,14
1606,1108,0,5,2,1,0,2026,4,20
1607,3083,1,3,1,0,0,2026,4,8
1608,3994,2,16,1,1,0,2026,5,19
1609,6146,5,1,2,0,0,2026,1,11
1610,33341,3,11,1,0,0,2026,5,21
1611,24829,0,9,2,0,0,2026,5,19
1612,17911,0,9,1,1,1,2026,5,15
1613,7032,5,14,2,1,0,2026,5,24
1614,12593,1,12,1,1,1,2026,6,16
1615,6171,2,10,2,4,0,2026,6,23
1616,5546,5,18,2,1,0,2026,3,2
1617,5667,1,7,1,2,0,2026,4,10
1618,51103,4,4,1,0,0,2026,6,1
1619,1891,2,16,2,0,0,2026,2,2
1620,3519,5,1,1,2,0,2026,3,21
1621,6613,1,12,0,1,0,2026,5,2
1622,57504,4,0,0,1,0,2026,6,5
1623,4444,2,15,1,0,0,2026,2,2
1624,59011,4,17,0,2,0,2026,5,30
1625,1836,2,15,2,3,0,2026,4,3
1626,3109,2,16,0,1,0,2026,4,1
1627,25965,4,4,0,1,0,2026,1,16
1628,6312,2,16,0,0,0,2026,4,9
1629,14587,1,7,2,3,0,2026,4,10
1630,11065,0,5,1,2,0,2026,3,24
1631,5461,2,15,0,4,0,2026,5,15
1632,13801,1,12,2,0,0,2026,3,18
1633,5635,2,2,2,2,0,2026,3,2
1634,2225,0,9,2,1,0,2026,4,8
1635,6536,3,8,1,4,0,2026,3,22
1636,11476,0,9,2,0,1,2026,3,31
1637,11433,4,17,1,3,0,2026,4,6
1638,1734,2,15,0,4,0,2026,6,24
1639,11709,1,3,0,3,0,2026,3,27
1640,37946,3,8,0,1,0,2026,3,15
1641,9145,3,8,2,2,0,2026,3,11
1642,6889,0,9,0,1,0,2026,1,12
1643,4562,5,1,2,2,0,2026,3,10
1644,6023,2,15,2,2,0,2026,1,5
1645,6477,5,14,1,1,0,2026,3,16
1646,2292,2,15,1,4,0,2026,4,12
1647,11575,1,12,2,2,1,2026,4,7
1648,887,5,14,2,0,0,2026,4,10
1649,10832,3,13,1,1,0,2026,5,6
1650,27407,4,0,0,3,0,2026,1,28
1651,9173,0,20,1,1,0,2026,5,5
1652,49069,4,4,0,3,1,2026,3,13
1653,6679,1,3,2,3,0,2026,5,15
1654,14648,1,7,2,4,1,2026,4,10
1655,18368,1,12,2,4,0,2026,2,1
1656,4644,2,10,2,1,0,2026,5,15
1657,26673,3,11,1,2,0,2026,3,8
1658,15687,0,5,2,3,0,2026,3,26
1659,2636,2,10,0,0,0,2026,1,24
1660,7092,0,5,2,4,1,2026,5,5
1661,27519,4,4,2,4,0,2026,5,3
1662,8164,1,12,2,1,0,2026,5,13
1663,4638,5,19,0,2,0,2026,1,26
1664,12229,0,5,2,1,1,2026,3,16
1665,21248,4,6,1,4,0,2026,3,21
1666,43989,4,4,1,0,1,2026,3,6
1667,24389,0,9,0,4,0,2026,6,3
1668,1315,5,18,1,0,0,2026,4,28
1669,2103,1,3,0,0,0,2026,1,17
1670,2606,2,2,2,4,0,2026,1,14
1671,13015,1,3,0,3,0,2026,6,18
1672,7920,3,13,1,1,0,2026,5,19
1673,3358,5,19,0,1,0,2026,1,29
1674,1126,1,3,1,1,0,2026,4,12
1675,3969,3,8,1,0,0,2026,3,2
1676,17184,0,5,1,0,0,2026,5,3
1677,3008,1,12,0,2,0,2026,4,20
1678,39499,3,8,1,1,1,2026,6,21
1679,10742,0,5,1,0,0,2026,3,30
1680,5652,5,18,1,3,0,2026,3,17
1681,6146,5,1,0,3,0,2026,3,9
1682,36204,4,4,1,1,0,2026,3,6
1683,32908,3,11,2,1,0,2026,6,7
1684,12862,1,3,2,1,0,2026,5,5
1685,7774,3,8,1,1,0,2026,5,11
1686,3442,2,16,0,3,0,2026,6,27
1687,36449,3,11,1,0,0,2026,2,17
1688,13015,1,7,1,4,0,2026,1,20
1689,3091,5,1,0,2,0,2026,1,22
1690,7656,5,18,2,2,0,2026,6,4
1691,6742,2,15,1,4,0,2026,2,1
1692,7269,2,16,1,3,0,2026,6,2
1693,6150,5,14,0,4,0,2026,1,23
1694,24964,0,5,2,2,0,2026,3,19
1695,10286,4,17,2,3,0,2026,4,26
1696,17329,1,7,1,1,0,2026,6,25
1697,3677,2,15,1,4,1,2026,6,5
1698,5811,5,1,1,0,0,2026,6,26
1699,4850,5,19,0,1,0,2026,1,5
1700,8352,1,3,1,3,0,2026,4,9
1701,20409,4,4,0,0,0,2026,3,9
1702,6851,2,16,0,0,0,2026,2,4
1703,56103,4,17,0,2,0,2026,1,19
1704,25865,4,17,1,2,0,2026,1,18
1705,36273,4,4,1,1,0,2026,4,9
1706,40452,4,17,0,3,1,2026,2,4
1707,7916,0,5,2,3,0,2026,2,24
1708,2149,5,1,0,3,0,2026,6,17
1709,6818,2,15,0,4,0,2026,2,8
1710,5178,1,7,2,3,0,2026,5,31
1711,33801,3,11,2,2,1,2026,6,8
1712,3732,1,7,2,4,0,2026,3,22
1713,39492,3,8,2,4,0,2026,1,1
1714,8824,0,9,0,0,0,2026,6,28
1715,11036,0,20,0,2,0,2026,2,6
1716,11809,0,5,2,3,0,2026,4,28
1717,6176,5,14,0,4,0,2026,6,9
1718,7603,5,1,2,3,0,2026,5,29
1719,593,5,1,2,0,0,2026,1,30
1720,34557,4,0,1,2,0,2026,2,23
1721,55714,4,0,0,3,0,2026,2,3
1722,52139,4,0,2,2,0,2026,6,11
1723,22216,4,6,2,0,0,2026,5,31
1724,59088,4,6,2,2,0,2026,3,21
1725,4038,2,10,2,3,0,2026,6,19
1726,3436,0,5,1,4,1,2026,1,13
1727,4686,2,2,2,3,0,2026,4,10
1728,5411,5,1,2,4,0,2026,1,9
1729,11048,4,0,2,4,0,2026,6,21
1730,7309,2,15,0,4,0,2026,4,16
1731,19190,1,3,1,3,0,2026,4,30
1732,5239,1,12,1,1,0,2026,3,15
1733,33961,3,11,0,4,0,2026,3,17
1734,16728,3,11,1,4,0,2026,2,14
1735,12247,1,7,0,1,0,2026,3,26
1736,6319,1,7,1,3,0,2026,1,10
1737,57193,4,4,0,2,0,2026,4,29
1738,13125,4,0,1,4,0,2026,4,30
1739,7658,5,19,1,2,0,2026,5,8
1740,18372,3,13,1,4,0,2026,5,29
1741,6267,2,2,0,1,0,2026,6,9
1742,11589,3,13,2,0,0,2026,6,11
1743,25903,3,13,2,4,0,2026,3,29
1744,13041,0,5,2,0,0,2026,1,4
1745,19259,3,13,1,1,0,2026,1,7
1746,3292,0,9,0,3,0,2026,6,2
1747,2450,2,16,2,2,0,2026,3,13
1748,16964,4,6,2,0,0,2026,6,9
1749,13983,1,12,2,1,0,2026,1,17
1750,10977,3,11,2,2,0,2026,1,31
1751,335,5,14,0,4,0,2026,2,8
1752,6069,5,1,2,4,0,2026,2,17
1753,1843,2,2,2,2,0,2026,1,10
1754,24643,3,13,2,2,1,2026,6,26
1755,12601,1,12,2,1,0,2026,4,8
1756,16689,0,9,2,3,0,2026,3,30
1757,4274,2,10,1,3,0,2026,6,9
1758,10440,1,3,1,3,0,2026,5,31
1759,7782,5,19,2,3,0,2026,1,30
1760,15720,0,5,2,4,0,2026,5,1
1761,301,5,18,1,2,0,2026,6,13
1762,15580,0,5,1,0,0,2026,6,29
1763,5270,0,20,2,0,0,2026,4,20
1764,36419,4,0,1,3,0,2026,5,3
1765,11804,1,7,0,0,0,2026,6,21
1766,9724,4,6,0,0,0,2026,6,21
1767,18713,3,11,0,4,0,2026,6,15
1768,24292,4,4,2,4,0,2026,5,3
1769,1436,2,2,1,2,0,2026,4,5
1770,13267,0,9,2,0,0,2026,5,20
1771,19552,0,9,1,4,0,2026,5,3
1772,4187,5,1,1,3,0,2026,2,2
1773,6178,5,14,2,4,0,2026,6,25
1774,16646,0,5,0,0,0,2026,4,21
1775,13841,0,9,2,2,0,2026,6,25
1776,4479,1,3,2,0,0,2026,3,8
1777,7084,3,13,1,2,0,2026,1,30
1778,7534,2,2,1,2,0,2026,5,28
1779,18307,1,12,1,1,0,2026,1,13
1780,16028,3,11,1,3,0,2026,6,5
1781,1700,2,2,1,4,0,2026,5,4
1782,15583,4,6,0,1,0,2026,1,23
1783,5694,5,1,2,4,0,2026,3,2
1784,8985,0,20,0,2,0,2026,5,15
1785,23842,0,9,1,4,0,2026,6,15
1786,11578,1,12,0,2,0,2026,6,14
1787,27532,3,11,2,0,0,2026,1,14
1788,6346,2,15,0,1,1,2026,5,6
1789,6189,2,15,1,4,0,2026,6,23
1790,11498,1,3,1,2,0,2026,6,8
1791,36124,4,4,0,2,0,2026,2,24
1792,3045,1,12,1,4,0,2026,3,6
1793,7775,1,3,0,3,0,2026,3,13
1794,3596,5,14,0,0,0,2026,6,5
1795,21312,0,9,2,0,0,2026,2,6
1796,11438,1,12,2,3,0,2026,5,24
1797,2810,2,15,0,4,0,2026,6,7
1798,29404,4,4,2,2,0,2026,1,7
1799,3014,5,1,2,2,0,2026,1,19
1800,30203,3,8,1,2,0,2026,5,30
1801,50556,4,4,1,4,0,2026,5,16
1802,35177,3,8,0,4,0,2026,1,12
1803,15364,0,9,0,0,0,2026,4,15
1804,8461,3,11,0,4,0,2026,3,16
1805,5167,2,10,0,0,0,2026,5,24
1806,30270,3,11,2,2,1,2026,4,27
1807,9806,1,3,2,0,0,2026,4,8
1808,19800,0,20,0,4,0,2026,1,20
1809,19208,4,17,1,4,0,2026,6,20
1810,18881,1,3,0,0,0,2026,5,30
1811,17066,1,12,2,1,1,2026,2,27
1812,1051,2,16,0,2,0,2026,1,5
1813,1046,2,10,0,1,0,2026,5,1
1814,3844,2,2,1,1,0,2026,1,24
1815,32918,3,8,1,0,0,2026,4,21
1816,48994,4,0,0,2,0,2026,2,19
1817,6862,2,2,0,3,0,2026,5,10
1818,8098,0,5,2,4,0,2026,1,16
1819,3097,5,1,2,0,0,2026,2,22
1820,26899,4,17,2,0,0,2026,3,24
1821,7045,2,16,2,4,0,2026,4,4
1822,10272,3,13,1,2,0,2026,2,23
1823,2856,1,12,1,3,0,2026,6,18
1824,1502,0,5,2,1,0,2026,4,22
1825,45539,4,0,1,3,0,2026,3,12
1826,1417,1,3,1,2,0,2026,3,12
1827,56290,4,6,2,1,0,2026,1,29
1828,38855,4,17,2,4,0,2026,2,16
1829,4061,5,18,2,0,0,2026,6,17
1830,19784,1,7,2,4,1,2026,5,10
1831,3010,5,19,0,3,0,2026,6,1
1832,17834,0,5,1,4,0,2026,3,13
1833,15483,4,17,0,0,0,2026,5,4
1834,16536,1,7,0,1,0,2026,1,24
1835,7201,5,18,1,2,0,2026,4,8
1836,30746,3,13,1,0,0,2026,1,7
1837,7807,1,7,0,0,0,2026,6,14
1838,6529,3,8,2,3,0,2026,5,3
1839,17258,1,3,2,1,0,2026,5,28
1840,19683,0,9,1,4,0,2026,3,31
1841,6293,1,7,2,1,0,2026,4,12
1842,18373,1,7,2,3,0,2026,2,28
1843,14790,4,17,1,4,0,2026,5,19
1844,5900,3,8,0,4,0,2026,5,15
1845,8505,0,20,0,4,0,2026,3,21
1846,8317,1,3,1,1,0,2026,2,4
1847,11101,3,8,0,3,0,2026,4,13
1848,18387,0,5,0,2,0,2026,2,10
1849,17385,3,11,1,0,0,2026,3,20
1850,30979,3,8,0,4,0,2026,2,10
1851,7009,1,7,1,3,0,2026,6,26
1852,3596,5,14,0,0,0,2026,3,28
1853,19925,1,7,1,0,0,2026,5,23
1854,33783,3,11,2,3,0,2026,4,16
1855,3561,1,12,2,3,0,2026,6,16
1856,7449,2,15,2,4,0,2026,5,3
1857,280,5,18,1,4,0,2026,6,4
1858,6287,5,14,1,4,0,2026,1,17
1859,7465,0,5,0,4,0,2026,1,18
1860,20145,0,9,1,4,0,2026,2,24
1861,5663,5,19,2,0,0,2026,1,13
1862,5448,0,9,0,0,0,2026,4,7
1863,16199,4,0,1,0,0,2026,4,9
1864,7924,5,19,2,4,1,2026,4,5
1865,12747,0,20,2,1,0,2026,1,26
1866,23783,3,8,2,4,0,2026,2,3
1867,7637,2,2,0,0,0,2026,1,13
1868,35248,3,11,2,3,0,2026,2,17
1869,12476,3,13,1,2,0,2026,4,23
1870,12789,0,5,0,1,0,2026,3,9
1871,4788,1,12,1,1,0,2026,6,17
1872,33385,3,8,0,3,0,2026,4,12
1873,10285,4,4,1,3,0,2026,1,26
1874,2977,5,1,0,3,0,2026,3,18
1875,6110,5,19,2,4,0,2026,1,11
1876,28438,4,17,2,2,0,2026,6,6
1877,39424,3,11,2,3,0,2026,1,8
1878,1513,0,20,1,0,0,2026,6,21
1879,4423,1,3,1,3,0,2026,3,25
1880,19819,0,20,1,2,0,2026,5,10
1881,3304,5,19,2,0,0,2026,5,7
1882,9956,3,8,2,4,0,2026,4,12
1883,501,2,10,1,3,0,2026,5,15
1884,4721,2,16,2,1,0,2026,3,2
1885,5227,5,18,0,3,0,2026,2,27
1886,16112,1,12,2,1,0,2026,3,14
1887,7308,5,14,2,1,0,2026,3,1
1888,55547,4,0,1,0,0,2026,3,12
1889,5793,1,3,1,3,0,2026,5,18
1890,22485,3,8,1,2,0,2026,2,19
1891,1738,2,10,1,1,0,2026,5,4
1892,7085,2,15,2,3,0,2026,2,1
1893,6659,2,2,1,4,0,2026,1,3
1894,3773,1,7,0,0,0,2026,3,12
1895,29545,3,8,2,3,0,2026,5,23
1896,22724,4,6,0,1,1,2026,6,29
1897,4695,5,18,2,3,0,2026,4,4
1898,15712,0,5,2,3,0,2026,3,6
1899,23026,3,13,0,0,0,2026,1,3
1900,7147,2,16,0,1,0,2026,5,18
1901,20408,0,20,0,3,0,2026,2,17
1902,8688,1,3,1,3,0,2026,4,18
1903,17907,1,12,1,3,0,2026,6,21
1904,21053,0,9,2,3,0,2026,3,19
1905,10762,1,12,1,2,0,2026,2,21
1906,3444,2,10,2,2,0,2026,5,30
1907,9914,1,3,2,0,0,2026,3,11
1908,17851,0,5,1,0,1,2026,5,15
1909,23199,0,20,1,4,0,2026,6,17
1910,40282,4,17,2,4,1,2026,5,15
1911,16939,4,4,0,2,0,2026,6,6
1912,39710,3,11,1,0,0,2026,3,24
1913,7554,5,14,1,2,0,2026,2,9
1914,19267,1,12,0,4,0,2026,3,18
1915,10672,1,7,2,2,0,2026,4,10
1916,17258,1,7,2,4,0,2026,4,9
1917,1032,2,10,1,3,0,2026,6,14
1918,16058,1,7,0,4,0,2026,6,27
1919,52753,4,17,1,3,0,2026,6,18
1920,26682,3,11,2,2,0,2026,6,4
1921,5379,1,3,1,4,1,2026,1,20
1922,2004,5,14,0,4,0,2026,5,21
1923,1642,2,2,1,2,0,2026,4,24
1924,40418,4,6,0,0,0,2026,5,3
1925,902,2,10,2,4,0,2026,2,11
1926,3835,2,2,0,0,0,2026,4,13
1927,633,5,1,1,3,0,2026,3,21
1928,3052,2,10,0,0,0,2026,4,23
1929,3524,5,19,0,2,0,2026,1,31
1930,2172,2,2,1,2,0,2026,1,20
1931,9190,0,9,1,2,0,2026,5,10
1932,2067,2,16,0,2,1,2026,6,22
1933,9002,1,12,2,2,0,2026,6,5
1934,34611,3,11,1,2,1,2026,2,21
1935,7433,5,14,0,0,0,2026,5,15
1936,6073,2,15,2,2,1,2026,1,12
1937,5711,2,2,0,3,0,2026,5,30
1938,13712,0,9,2,0,0,2026,2,1
1939,12929,1,7,2,1,0,2026,2,10
1940,3890,5,1,0,2,0,2026,1,16
1941,4909,5,18,2,0,0,2026,2,28
1942,6500,1,7,1,4,0,2026,5,11
1943,22031,3,8,2,0,1,2026,3,20
1944,33374,4,0,0,1,0,2026,6,6
1945,26409,3,13,0,4,0,2026,2,23
1946,25695,4,17,0,1,0,2026,5,20
1947,1778,0,5,1,4,0,2026,1,4
1948,3350,5,19,1,2,0,2026,2,21
1949,29275,3,13,0,0,0,2026,6,17
1950,5238,5,18,1,0,0,2026,5,24
1951,6575,5,19,2,1,0,2026,4,9
1952,5160,2,10,1,3,0,2026,2,22
1953,9829,0,9,2,2,0,2026,2,4
1954,19591,3,13,1,0,0,2026,1,29
1955,11100,4,0,0,1,0,2026,1,14
1956,3230,1,3,2,4,0,2026,5,13
1957,8829,1,7,1,0,0,2026,3,4
1958,1681,2,10,0,2,0,2026,6,22
1959,10107,1,3,2,1,0,2026,1,19
1960,18945,3,8,2,0,0,2026,6,16
1961,6096,2,16,1,1,0,2026,5,1
1962,21291,3,8,1,0,0,2026,5,27
1963,37531,3,8,2,3,0,2026,6,28
1964,714,2,15,2,1,0,2026,6,3
1965,6019,2,10,1,3,0,2026,2,24
1966,19141,4,6,0,1,0,2026,1,18
1967,1415,0,20,0,3,0,2026,6,24
1968,35101,3,11,0,4,0,2026,3,7
1969,5306,0,5,0,0,0,2026,2,23
1970,29405,3,13,1,2,0,2026,2,20
1971,7369,1,7,1,1,0,2026,4,27
1972,21099,0,9,2,0,1,2026,2,14
1973,7348,4,4,1,2,0,2026,2,7
1974,6261,5,18,1,0,1,2026,3,7
1975,14509,0,20,0,0,0,2026,2,2
1976,6009,1,12,0,0,0,2026,6,9
1977,24427,0,9,2,2,0,2026,1,9
1978,1433,1,12,1,4,0,2026,1,25
1979,692,5,14,1,1,0,2026,4,8
1980,57601,4,6,1,4,0,2026,3,6
1981,3568,5,14,0,4,0,2026,3,21
1982,4405,3,8,0,0,0,2026,5,26
1983,14791,0,20,1,3,0,2026,1,26
1984,486,5,19,2,3,0,2026,6,2
1985,7169,1,7,1,1,0,2026,2,25
1986,7578,1,3,0,2,0,2026,5,4
1987,7582,2,2,1,4,0,2026,5,28
1988,5813,3,13,0,1,0,2026,3,19
1989,4864,2,2,1,4,0,2026,2,24
1990,17208,1,12,2,0,0,2026,1,7
1991,37565,4,4,2,2,0,2026,6,23
1992,48669,4,4,0,2,0,2026,5,5
1993,9209,3,8,2,0,0,2026,6,15
1994,1182,5,19,2,3,0,2026,6,26
1995,8350,3,11,1,1,0,2026,3,16
1996,9359,0,5,0,2,0,2026,5,21
1997,15158,3,11,1,1,0,2026,1,31
1998,16635,0,20,1,1,1,2026,1,18
1999,12925,1,12,0,2,0,2026,6,7
2000,6218,4,4,1,1,0,2026,2,19
2001,4316,2,10,0,2,0,2026,6,13
2002,26901,3,13,1,0,0,2026,3,9
2003,5374,2,10,2,1,0,2026,3,23
2004,6240,5,1,2,0,0,2026,1,9
2005,11628,3,8,2,3,0,2026,3,10
2006,10111,3,8,2,3,0,2026,3,11
2007,6496,0,5,1,1,0,2026,6,28
2008,31269,3,8,1,1,0,2026,5,25
2009,5559,5,14,2,3,0,2026,3,16
2010,7488,3,8,0,1,0,2026,3,22
2011,25830,4,0,0,1,0,2026,1,18
2012,16498,1,7,1,0,0,2026,3,3
2013,4930,2,15,2,0,0,2026,3,22
2014,25480,4,0,2,0,0,2026,1,29
2015,7406,5,14,1,3,0,2026,3,10
2016,30508,3,11,2,2,0,2026,3,3
2017,44501,4,4,2,2,1,2026,1,15
2018,7858,2,2,2,4,0,2026,3,27
2019,18088,1,3,0,3,0,2026,1,11
2020,1336,5,19,2,1,0,2026,1,10
2021,27401,4,4,2,2,0,2026,6,9
2022,2407,2,2,2,0,0,2026,5,9
2023,470,5,14,0,1,1,2026,6,2
2024,6374,0,20,2,3,1,2026,3,24
2025,1908,2,16,1,3,0,2026,6,7
2026,18736,0,5,1,4,0,2026,3,8
2027,58057,4,4,2,4,1,2026,6,7
2028,37951,3,13,2,2,0,2026,6,10
2029,40351,4,4,2,1,0,2026,3,1
2030,3274,1,3,1,3,0,2026,5,13
2031,49113,4,6,1,3,0,2026,3,21
2032,15383,4,17,2,0,0,2026,4,10
2033,12370,4,17,0,3,0,2026,5,31
2034,37442,4,4,2,1,0,2026,5,2
2035,14863,0,20,0,1,0,2026,5,26
2036,10398,1,3,0,1,0,2026,4,2
2037,5909,3,13,0,3,0,2026,6,1
2038,1877,5,14,2,3,0,2026,4,16
2039,8990,3,13,0,4,0,2026,4,4
2040,3628,2,16,2,4,0,2026,6,1
2041,2120,5,14,0,1,0,2026,2,1
2042,21184,4,6,0,2,0,2026,3,3
2043,28088,4,4,0,4,0,2026,4,28
2044,25453,3,11,2,3,0,2026,5,26
2045,55285,4,6,2,1,0,2026,6,10
2046,2385,2,2,0,2,0,2026,6,22
2047,13331,1,12,2,2,0,2026,6,20
2048,15317,4,4,1,2,0,2026,6,5
2049,8284,4,17,0,0,0,2026,1,19
2050,19046,1,12,2,2,0,2026,4,6
2051,13787,1,12,0,0,0,2026,3,20
2052,4484,2,15,1,3,0,2026,3,25
2053,9249,1,12,1,2,0,2026,3,15
2054,3912,1,7,0,4,0,2026,5,10
2055,13331,3,8,0,2,0,2026,4,29
2056,2149,1,7,1,3,0,2026,6,13
2057,4079,1,12,1,2,0,2026,5,11
2058,6347,1,7,1,1,0,2026,6,2
2059,3606,1,7,0,1,0,2026,4,12
2060,9393,4,6,1,0,0,2026,5,14
2061,3098,2,15,0,4,0,2026,2,18
2062,24461,4,0,0,4,0,2026,6,9
2063,982,5,19,1,2,0,2026,1,29
2064,1250,2,15,1,3,0,2026,2,4
2065,7099,5,14,2,0,0,2026,2,11
2066,5394,1,7,1,3,0,2026,4,17
2067,6217,1,3,1,4,0,2026,4,4
2068,22428,0,5,1,3,0,2026,6,22
2069,599,2,10,1,2,0,2026,2,16
2070,1616,1,3,1,2,0,2026,3,21
2071,22651,4,17,2,4,0,2026,5,10
2072,4821,0,9,2,2,0,2026,1,29
2073,19691,1,12,0,1,0,2026,6,3
2074,10790,1,12,2,0,0,2026,6,15
2075,13849,1,7,1,0,0,2026,3,26
2076,14634,0,9,0,0,0,2026,1,5
2077,22812,4,6,2,1,0,2026,3,19
2078,604,2,10,1,4,0,2026,2,6
2079,2398,5,1,1,1,0,2026,2,6
2080,11128,1,12,1,1,0,2026,6,21
2081,3070,2,2,2,4,0,2026,3,27
2082,2425,2,15,1,1,0,2026,1,2
2083,33465,3,8,2,1,0,2026,1,1
2084,20526,4,0,2,1,0,2026,2,24
2085,18221,1,7,0,2,0,2026,2,19
2086,9168,1,12,2,3,0,2026,3,6
2087,5924,2,16,0,2,0,2026,2,12
2088,2331,5,14,1,2,0,2026,4,19
2089,10893,1,7,2,0,0,2026,1,2
2090,5361,2,10,0,1,0,2026,5,18
2091,4686,3,11,2,1,0,2026,3,29
2092,10922,3,11,0,2,0,2026,2,16
2093,18670,3,11,1,3,0,2026,4,4
2094,8014,1,12,1,3,0,2026,3,25
2095,3310,2,15,2,3,0,2026,3,25
2096,16510,3,13,2,0,0,2026,2,16
2097,15524,1,3,2,2,0,2026,4,18
2098,5405,3,11,0,1,0,2026,1,6
2099,1322,5,14,0,2,0,2026,3,13
2100,4648,0,5,1,0,0,2026,3,19
2101,42804,4,4,2,3,0,2026,3,12
2102,5807,1,3,2,0,0,2026,5,2
2103,56206,4,6,2,3,0,2026,1,13
2104,38837,3,13,1,2,0,2026,5,5
2105,7896,0,9,1,3,0,2026,3,4
2106,53486,4,17,0,4,0,2026,3,23
2107,4992,0,5,0,0,0,2026,3,3
2108,3749,5,18,0,2,0,2026,5,16
2109,18767,0,9,0,3,0,2026,1,4
2110,1070,2,10,1,1,0,2026,4,27
2111,35646,3,13,2,0,0,2026,5,14
2112,23924,3,11,1,4,1,2026,4,10
2113,32090,4,17,2,1,0,2026,4,1
2114,16587,1,7,1,4,0,2026,5,11
2115,6793,5,19,1,2,0,2026,1,10
2116,55140,4,4,2,1,0,2026,5,30
2117,29295,4,17,1,2,0,2026,2,3
2118,4692,0,20,0,4,0,2026,5,22
2119,11712,0,5,0,1,0,2026,2,24
2120,12374,1,3,1,0,0,2026,4,16
2121,12345,0,20,1,2,0,2026,4,21
2122,3740,2,16,1,0,0,2026,5,26
2123,12395,1,12,1,1,0,2026,5,19
2124,48913,4,0,0,1,1,2026,3,20
2125,4003,0,5,2,1,0,2026,6,1
2126,44979,4,6,2,2,0,2026,4,4
2127,12809,1,12,2,0,0,2026,6,12
2128,2161,2,2,2,3,0,2026,1,23
2129,14496,0,9,1,1,0,2026,2,9
2130,11080,1,12,2,2,0,2026,5,19
2131,13523,0,20,0,3,0,2026,6,2
2132,2684,5,18,2,0,0,2026,4,25
2133,788,5,1,0,2,0,2026,3,9
2134,34685,3,11,0,4,0,2026,5,5
2135,23507,3,8,0,2,0,2026,1,24
2136,16818,1,3,0,1,0,2026,3,3
2137,11264,0,20,0,1,0,2026,6,20
2138,4906,2,16,1,3,0,2026,2,8
2139,26479,3,11,2,1,0,2026,3,25
2140,28489,3,11,2,1,0,2026,5,21
2141,6245,0,9,1,0,0,2026,6,7
2142,5003,5,14,0,3,0,2026,4,21
2143,6227,0,20,1,4,0,2026,6,5
2144,10805,0,5,2,3,0,2026,1,24
2145,4336,1,7,2,0,0,2026,4,15
2146,8797,1,7,0,4,0,2026,3,4
2147,39801,4,17,0,1,0,2026,3,11
2148,9287,1,12,1,0,0,2026,5,20
2149,17144,4,0,1,3,0,2026,5,18
2150,7885,2,10,1,0,0,2026,1,3
2151,21564,4,4,2,1,0,2026,3,29
2152,13790,1,3,2,2,0,2026,5,28
2153,5747,2,2,1,2,0,2026,1,18
2154,15363,1,7,0,2,0,2026,6,19
2155,49279,4,6,2,0,0,2026,4,9
2156,5686,1,7,0,0,0,2026,1,17
2157,6536,0,20,0,4,0,2026,3,11
2158,1845,5,19,0,3,0,2026,5,7
2159,5070,5,1,0,0,0,2026,4,1
2160,4503,2,10,2,2,0,2026,1,20
2161,16415,1,3,1,2,0,2026,2,16
2162,12231,0,20,0,0,0,2026,6,7
2163,6760,1,3,0,2,0,2026,1,2
2164,6469,3,8,1,2,1,2026,2,2
2165,12461,1,7,2,1,0,2026,4,3
2166,2808,0,5,2,1,0,2026,4,2
2167,6786,4,6,0,0,0,2026,4,9
2168,36752,4,4,2,4,0,2026,6,7
2169,18572,0,9,2,2,0,2026,3,4
2170,1615,5,19,1,4,0,2026,6,17
2171,6549,2,15,1,3,0,2026,3,1
2172,12579,3,13,2,2,1,2026,4,10
2173,15766,0,5,1,3,0,2026,6,2
2174,4962,0,9,2,2,0,2026,6,12
2175,7859,2,2,1,1,0,2026,2,8
2176,11209,1,3,2,3,1,2026,1,5
2177,21761,3,13,1,1,1,2026,2,19
2178,4766,2,15,2,4,0,2026,2,7
2179,7405,5,18,2,4,0,2026,6,24
2180,28517,4,4,0,2,0,2026,2,20
2181,22467,0,5,2,4,0,2026,5,20
2182,7147,1,12,2,3,0,2026,2,11
2183,11524,0,20,0,2,0,2026,1,8
2184,19221,1,7,2,0,0,2026,5,12
2185,3128,1,7,2,0,0,2026,5,9
2186,2128,2,16,2,0,0,2026,6,19
2187,1831,5,1,1,0,0,2026,4,14
2188,3846,2,2,1,2,0,2026,1,30
2189,5936,1,12,2,1,0,2026,6,22
2190,4254,0,9,2,2,0,2026,1,20
2191,4120,2,2,0,4,0,2026,1,10
2192,39657,4,4,0,1,0,2026,6,8
2193,2037,0,5,1,1,0,2026,6,8
2194,8775,3,8,1,4,0,2026,4,4
2195,5672,1,7,0,4,0,2026,3,26
2196,19836,3,8,2,1,0,2026,5,5
2197,2508,1,7,1,2,0,2026,3,9
2198,21692,3,11,2,1,0,2026,3,29
2199,12101,1,7,2,0,0,2026,6,5
2200,1562,1,7,2,2,0,2026,1,29
2201,5892,3,11,1,3,0,2026,3,15
2202,2333,5,19,1,2,0,2026,2,18
2203,17149,1,12,1,1,0,2026,1,12
2204,4027,2,15,1,1,0,2026,5,6
2205,6610,2,2,2,2,0,2026,5,25
2206,11178,1,7,1,3,0,2026,6,5
2207,19850,1,7,0,2,0,2026,4,26
2208,5749,3,13,0,0,0,2026,4,30
2209,5537,1,12,0,1,0,2026,2,15
2210,8913,4,0,2,1,0,2026,1,11
2211,8918,0,20,1,3,0,2026,2,22
2212,31728,3,8,2,1,0,2026,3,26
2213,9151,1,7,1,0,1,2026,3,1
2214,3569,2,10,2,2,0,2026,3,3
2215,7055,3,13,0,4,0,2026,3,9
2216,7984,3,8,0,3,0,2026,1,28
2217,14797,0,5,2,2,0,2026,6,15
2218,360,5,14,0,2,0,2026,5,27
2219,7310,5,1,0,0,0,2026,5,1
2220,5159,4,17,1,3,0,2026,3,10
2221,43393,4,4,2,4,0,2026,1,23
2222,1582,0,5,2,4,0,2026,4,10
2223,13304,4,6,1,2,0,2026,2,17
2224,10558,4,17,0,3,0,2026,2,20
2225,15339,0,20,0,0,0,2026,4,5
2226,15923,1,12,0,0,0,2026,4,22
2227,4335,5,18,1,2,0,2026,3,24
2228,15319,1,12,2,2,0,2026,4,13
2229,4957,1,3,1,4,0,2026,4,12
2230,2808,2,16,2,0,0,2026,6,27
2231,13890,1,3,1,2,0,2026,5,16
2232,5020,3,11,1,1,0,2026,6,12
2233,40755,4,0,2,3,1,2026,2,12
2234,2186,5,19,0,0,0,2026,3,26
2235,1034,0,9,1,1,0,2026,1,17
2236,14868,4,17,0,4,0,2026,2,28
2237,5704,2,10,0,0,0,2026,2,1
2238,26058,4,4,2,1,0,2026,5,14
2239,22148,0,5,1,2,0,2026,5,28
2240,7217,1,3,1,3,0,2026,1,24
2241,4293,2,16,1,2,0,2026,4,2
2242,7164,1,3,0,2,0,2026,2,4
2243,24784,4,17,0,1,0,2026,2,8
2244,7223,2,15,0,2,0,2026,2,17
2245,2617,1,12,2,1,0,2026,1,1
2246,1933,5,19,0,0,0,2026,4,26
2247,3981,2,16,2,2,0,2026,4,17
2248,922,2,16,1,1,0,2026,1,2
2249,1362,5,14,0,2,0,2026,5,27
2250,2311,2,15,1,2,0,2026,1,10
2251,11405,3,13,1,1,0,2026,1,28
2252,12285,0,5,1,3,0,2026,2,3
2253,1017,2,15,2,3,0,2026,2,10
2254,49541,4,4,0,1,0,2026,4,14
2255,6063,2,15,0,0,0,2026,5,23
2256,21334,4,6,0,4,0,2026,1,5
2257,3269,1,7,1,1,0,2026,2,13
2258,20287,0,5,2,0,0,2026,6,18
2259,5772,2,15,2,2,0,2026,2,21
2260,14685,1,3,2,0,0,2026,2,23
2261,5615,5,19,2,2,0,2026,3,31
2262,23877,3,13,1,1,0,2026,3,13
2263,5301,5,18,2,1,0,2026,3,28
2264,49965,4,0,1,1,1,2026,5,1
2265,3538,2,15,0,0,0,2026,6,21
2266,6925,2,16,2,1,0,2026,5,2
2267,445,5,19,1,2,0,2026,3,3
2268,21430,0,20,0,4,0,2026,2,18
2269,6624,1,7,1,4,0,2026,1,31
2270,8280,1,7,0,3,0,2026,5,18
2271,4857,2,16,0,0,0,2026,2,12
2272,3037,3,11,0,4,0,2026,3,2
2273,13232,0,20,0,3,0,2026,3,5
2274,23053,0,20,2,3,0,2026,2,26
2275,15088,1,12,0,3,0,2026,5,10
2276,10335,1,7,1,3,1,2026,6,8
2277,5190,1,3,2,1,0,2026,3,17
2278,57165,4,0,0,1,1,2026,5,20
2279,41931,4,0,1,0,0,2026,2,6
2280,3241,0,20,2,1,0,2026,2,5
2281,27061,3,11,1,1,0,2026,5,18
2282,15464,1,3,0,3,0,2026,6,5
2283,10519,1,7,2,4,0,2026,3,16
2284,6675,0,20,1,0,0,2026,3,22
2285,50578,4,4,1,4,0,2026,3,31
2286,10838,1,12,0,3,0,2026,4,2
2287,17161,1,12,0,4,0,2026,1,8
2288,12746,1,7,2,0,0,2026,2,22
2289,15518,0,5,2,2,0,2026,4,10
2290,1622,5,18,0,1,0,2026,5,25
2291,16102,1,12,0,2,0,2026,2,13
2292,1600,2,10,1,1,0,2026,5,3
2293,14148,0,20,2,3,0,2026,2,20
2294,6784,3,11,1,4,0,2026,3,11
2295,26666,3,11,2,4,0,2026,6,15
2296,1105,5,1,0,4,0,2026,2,4
2297,8409,3,8,1,0,0,2026,6,25
2298,21422,0,20,2,2,0,2026,2,24
2299,34859,4,17,0,0,0,2026,3,6
2300,6937,2,10,1,2,0,2026,3,23
2301,933,5,1,2,3,0,2026,1,19
2302,6871,4,17,1,2,0,2026,5,16
2303,33237,4,4,1,0,0,2026,2,15
2304,6568,1,3,1,4,0,2026,6,2
2305,15263,0,5,2,1,0,2026,5,12
2306,4005,1,7,1,4,0,2026,4,2
2307,13760,3,11,2,4,0,2026,3,16
2308,5209,2,16,2,4,0,2026,4,8
2309,14710,1,12,0,0,0,2026,1,5
2310,9923,3,8,1,1,0,2026,2,23
2311,7711,2,15,0,3,0,2026,5,9
2312,5379,1,3,2,4,0,2026,3,13
2313,4860,5,14,1,4,0,2026,1,19
2314,979,2,15,0,3,0,2026,1,10
2315,18578,0,20,0,0,0,2026,5,18
2316,18103,3,13,2,3,0,2026,3,18
2317,12843,0,20,1,2,1,2026,5,7
2318,38250,3,11,1,3,0,2026,5,24
2319,30801,3,11,0,1,0,2026,3,6
2320,39841,4,0,0,4,0,2026,2,15
2321,14086,3,11,1,1,0,2026,3,5
2322,24332,0,5,0,3,0,2026,2,20
2323,6576,5,19,0,4,0,2026,5,8
2324,3901,5,19,0,4,0,2026,3,12
2325,6796,5,14,0,2,0,2026,1,27
2326,3688,2,15,1,0,0,2026,3,27
2327,37802,3,8,1,3,0,2026,5,15
2328,19832,3,13,1,0,0,2026,2,26
2329,3549,2,10,1,3,0,2026,1,25
2330,9077,3,13,2,2,0,2026,1,6
2331,10778,1,12,2,1,0,2026,4,27
2332,19609,4,4,2,0,1,2026,3,26
2333,5836,5,1,1,1,0,2026,5,5
2334,45642,4,6,2,3,0,2026,6,4
2335,2175,5,1,1,0,0,2026,2,12
2336,3913,1,12,0,1,0,2026,5,26
2337,5667,2,2,2,3,1,2026,2,12
2338,59685,4,0,0,4,0,2026,2,25
2339,2079,0,20,2,1,0,2026,2,21
2340,20096,4,4,2,4,0,2026,4,10
2341,3323,5,14,0,4,0,2026,3,27
2342,9588,1,12,0,1,0,2026,5,7
2343,11978,1,3,2,2,0,2026,2,4
2344,10663,1,3,1,1,0,2026,2,20
2345,3821,1,7,2,2,0,2026,2,16
2346,8822,0,5,2,1,0,2026,5,21
2347,19045,4,4,0,3,0,2026,4,29
2348,31517,3,11,0,1,0,2026,6,1
2349,6143,2,10,2,4,0,2026,1,21
2350,13397,0,5,1,0,0,2026,4,1
2351,5931,5,19,0,3,0,2026,3,14
2352,16540,0,20,0,4,0,2026,6,1
2353,3840,5,14,0,3,0,2026,4,20
2354,15350,3,8,1,3,0,2026,1,6
2355,4447,2,15,1,1,0,2026,1,21
2356,2995,2,10,1,2,0,2026,5,29
2357,4618,0,5,2,0,0,2026,4,4
2358,3942,2,10,1,2,0,2026,1,16
2359,16766,4,4,0,3,0,2026,5,23
2360,15774,0,20,1,4,0,2026,6,14
2361,10430,0,5,1,2,0,2026,2,18
2362,38896,4,0,2,2,0,2026,3,18
2363,12361,1,12,2,0,0,2026,5,25
2364,1181,2,2,1,1,0,2026,5,27
2365,12829,1,3,1,1,0,2026,2,14
2366,5200,5,1,2,3,0,2026,5,28
2367,21761,3,11,1,0,0,2026,4,11
2368,1289,2,16,0,4,0,2026,4,6
2369,5552,5,14,1,0,0,2026,2,7
2370,30628,3,11,2,0,0,2026,2,1
2371,7358,5,19,0,1,0,2026,2,6
2372,58913,4,4,1,0,0,2026,4,15
2373,35677,3,13,0,0,0,2026,6,14
2374,10072,0,20,0,4,0,2026,6,18
2375,2563,0,20,2,4,0,2026,5,21
2376,4082,2,2,0,4,0,2026,6,20
2377,25915,3,8,0,1,1,2026,6,3
2378,26723,3,13,0,3,0,2026,2,24
2379,29244,4,17,0,4,0,2026,2,6
2380,30010,3,8,0,1,1,2026,2,24
2381,6046,5,19,1,4,0,2026,4,22
2382,1835,2,16,2,3,0,2026,5,2
2383,19973,1,12,1,1,0,2026,3,25
2384,17763,3,8,1,1,0,2026,6,8
2385,24359,3,11,1,4,0,2026,2,14
2386,707,5,19,0,2,0,2026,5,21
2387,7478,2,15,1,1,0,2026,3,3
2388,30921,3,8,0,4,0,2026,6,17
2389,6740,2,16,1,3,0,2026,6,14
2390,2127,5,1,0,0,0,2026,6,17
2391,37813,4,4,0,1,0,2026,4,11
2392,12465,1,7,0,1,1,2026,4,11
2393,5726,2,15,1,2,0,2026,6,5
2394,4087,2,10,0,3,0,2026,4,7
2395,12071,3,13,2,3,0,2026,4,26
2396,21190,0,9,1,1,0,2026,4,14
2397,37778,3,11,0,3,0,2026,1,2
2398,1605,5,14,2,1,0,2026,1,31
2399,6729,1,3,2,1,0,2026,1,4
2400,38763,3,11,1,4,0,2026,2,15
2401,5901,3,8,2,1,0,2026,1,4
2402,16116,0,9,2,3,0,2026,1,1
2403,37601,4,4,2,1,0,2026,3,9
2404,29525,3,11,0,2,0,2026,6,18
2405,14323,3,13,0,4,0,2026,3,30
2406,15573,1,7,0,2,0,2026,6,21
2407,2801,1,12,2,4,0,2026,6,8
2408,24202,4,0,1,3,0,2026,6,23
2409,7503,5,1,1,2,0,2026,4,4
2410,7168,5,18,1,4,0,2026,4,9
2411,5796,0,9,0,2,0,2026,6,15
2412,17701,1,3,0,2,0,2026,2,2
2413,14781,0,9,0,1,0,2026,5,27
2414,1558,0,20,2,1,0,2026,1,16
2415,14845,3,13,1,0,0,2026,2,27
2416,16750,0,5,0,2,0,2026,1,2
2417,8624,0,9,1,1,0,2026,5,15
2418,8023,0,9,0,2,0,2026,4,19
2419,7427,2,10,2,2,0,2026,1,14
2420,18299,1,7,2,1,0,2026,3,24
2421,18531,1,7,2,3,1,2026,1,24
2422,14721,4,6,1,0,0,2026,4,28
2423,10570,0,5,2,1,0,2026,1,12
2424,4000,2,10,1,0,0,2026,1,16
2425,6451,3,8,1,4,0,2026,6,29
2426,13994,1,7,2,2,0,2026,6,2
2427,8059,3,11,0,2,0,2026,5,9
2428,29874,4,0,1,4,0,2026,2,18
2429,1124,5,14,1,2,0,2026,6,1
2430,3558,5,18,1,2,0,2026,5,4
2431,3292,2,2,0,0,0,2026,5,27
2432,9081,0,9,0,4,0,2026,6,22
2433,8792,1,7,0,0,0,2026,4,16
2434,2628,0,9,0,1,0,2026,1,9
2435,1858,1,3,2,4,1,2026,5,9
2436,5711,5,19,0,3,0,2026,5,30
2437,16103,0,5,1,4,0,2026,6,26
2438,27057,4,0,1,4,0,2026,2,3
2439,13763,1,7,1,0,0,2026,5,24
2440,9876,0,5,0,2,0,2026,5,17
2441,2141,5,14,2,3,0,2026,4,29
2442,6447,2,15,0,1,0,2026,5,28
2443,1309,5,18,1,1,0,2026,5,3
2444,5347,2,2,1,0,0,2026,3,27
2445,3177,2,10,0,0,0,2026,3,15
2446,2221,5,1,2,4,1,2026,5,22
2447,643,2,2,2,2,0,2026,5,18
2448,5651,2,2,1,4,0,2026,6,18
2449,26712,3,13,1,2,0,2026,6,18
2450,22529,0,5,2,4,0,2026,5,9
2451,3740,5,14,1,2,0,2026,2,23
2452,22800,0,5,0,2,0,2026,1,6
2453,32841,4,0,0,1,0,2026,3,3
2454,31145,3,8,0,3,0,2026,4,23
2455,11398,0,5,0,2,0,2026,6,25
2456,7632,2,10,2,3,1,2026,2,17
2457,15299,0,9,2,4,0,2026,2,22
2458,17124,3,13,2,1,0,2026,5,1
2459,4770,3,11,0,1,0,2026,5,16
2460,59297,4,6,2,0,0,2026,4,12
2461,7643,0,5,2,1,1,2026,6,18
2462,24856,0,20,2,0,0,2026,3,2
2463,6998,2,10,1,3,1,2026,2,25
2464,1647,0,5,2,1,0,2026,5,5
2465,2682,5,1,0,1,0,2026,3,19
2466,24653,0,9,2,1,1,2026,5,21
2467,1521,2,16,0,0,0,2026,2,22
2468,4467,5,14,0,2,0,2026,4,27
2469,54507,4,17,0,2,1,2026,1,27
2470,20218,3,8,0,1,0,2026,6,28
2471,739,2,15,0,1,0,2026,3,18
2472,53063,4,17,2,3,1,2026,3,27
2473,55004,4,4,1,0,0,2026,4,30
2474,6666,2,16,1,4,0,2026,4,18
2475,13397,0,20,0,2,0,2026,5,9
2476,19717,1,12,0,2,0,2026,3,19
2477,14384,4,6,1,3,0,2026,5,2
2478,9841,1,7,1,2,0,2026,5,20
2479,21352,4,0,1,2,0,2026,3,29
2480,3391,2,2,0,4,0,2026,4,14
2481,30488,3,13,1,2,0,2026,1,17
2482,43151,4,6,0,4,0,2026,3,27
2483,13788,1,12,1,1,0,2026,6,4
2484,5274,3,11,2,3,0,2026,3,1
2485,7759,1,3,2,4,0,2026,5,25
2486,11248,0,20,0,1,0,2026,2,14
2487,6884,5,1,1,1,0,2026,1,14
2488,22230,0,20,2,3,1,2026,6,3
2489,15188,0,20,2,2,0,2026,3,15
2490,31322,3,13,0,3,0,2026,6,25
2491,3433,2,2,0,4,0,2026,6,19
2492,10095,1,7,2,1,0,2026,3,24
2493,43853,4,6,1,0,1,2026,1,20
2494,15056,4,4,0,2,0,2026,2,28
2495,24389,0,20,0,4,1,2026,2,14
2496,59028,4,6,0,1,0,2026,2,28
2497,6129,1,12,1,3,0,2026,1,13
2498,27862,3,11,1,0,0,2026,6,21
2499,18129,0,20,2,1,0,2026,4,16
2500,3567,2,16,2,2,0,2026,3,8
2501,2616,5,19,0,1,0,2026,4,7
2502,7901,2,10,1,1,0,2026,1,7
2503,13856,1,12,0,3,0,2026,1,2
2504,2743,0,20,1,1,0,2026,3,20
2505,24460,0,5,1,1,0,2026,5,8
2506,17843,0,20,0,3,0,2026,2,28
2507,4555,3,13,2,4,0,2026,5,11
2508,2393,5,18,0,4,0,2026,2,18
2509,7990,5,19,0,0,0,2026,3,15
2510,14047,1,3,1,2,0,2026,3,29
2511,6054,5,18,2,1,0,2026,2,25
2512,21621,3,11,0,4,1,2026,6,5
2513,9589,1,3,2,3,0,2026,4,13
2514,17985,1,12,2,1,0,2026,6,27
2515,20154,0,5,2,0,0,2026,5,27
2516,4914,2,10,0,4,0,2026,5,18
2517,19831,0,9,2,2,0,2026,6,18
2518,3341,2,15,1,4,0,2026,4,9
2519,40210,4,17,2,4,0,2026,2,25
2520,22975,3,13,2,4,0,2026,6,24
2521,22986,4,6,0,4,0,2026,1,30
2522,17968,1,12,1,1,0,2026,3,7
2523,4126,2,15,2,3,0,2026,4,2
2524,5892,5,19,2,4,0,2026,5,28
2525,17893,3,8,1,3,0,2026,6,16
2526,4211,2,10,1,2,0,2026,2,14
2527,12442,0,20,0,4,0,2026,2,27
2528,36089,3,11,1,4,0,2026,4,12
2529,657,2,16,2,4,0,2026,3,30
2530,2235,5,18,2,1,0,2026,1,30
2531,3496,2,10,0,3,0,2026,1,18
2532,37593,4,0,2,1,0,2026,1,4
2533,23884,0,5,0,4,0,2026,2,22
2534,13761,0,20,1,3,0,2026,1,8
2535,7158,2,2,1,1,0,2026,6,15
2536,5809,3,11,0,2,0,2026,2,2
2537,23599,3,8,1,1,0,2026,6,8
2538,5040,4,6,2,0,0,2026,4,19
2539,5692,1,12,0,0,0,2026,3,30
2540,13100,0,9,2,4,0,2026,4,15
2541,4016,2,10,2,2,0,2026,1,2
2542,19054,0,9,0,1,0,2026,2,16
2543,3549,0,20,0,3,0,2026,5,4
2544,34401,4,17,2,0,0,2026,1,16
2545,6517,2,16,2,4,0,2026,2,11
2546,25371,4,17,2,2,0,2026,3,27
2547,4884,1,3,0,0,0,2026,5,15
2548,45938,4,4,1,3,0,2026,5,12
2549,27225,4,0,1,2,0,2026,3,23
2550,11411,0,20,0,2,0,2026,1,28
2551,6744,2,10,0,4,0,2026,6,19
2552,3872,1,7,0,4,1,2026,6,12
2553,27010,3,11,2,2,0,2026,4,15
2554,1700,0,5,2,1,0,2026,5,2
2555,9426,3,8,0,1,0,2026,1,6
2556,6841,5,1,1,0,0,2026,2,18
2557,37248,4,4,0,3,0,2026,2,25
2558,18654,1,7,1,4,0,2026,5,10
2559,28019,4,6,0,4,0,2026,6,8
2560,28319,4,17,0,4,0,2026,5,13
2561,2813,5,19,2,0,0,2026,4,15
2562,8859,3,8,2,0,0,2026,3,10
2563,5990,2,15,1,0,0,2026,4,12
2564,3498,5,1,1,4,0,2026,1,28
2565,41804,4,6,0,4,0,2026,6,8
2566,14746,1,7,1,3,0,2026,2,16
2567,6762,4,0,1,4,0,2026,6,15
2568,1231,2,16,0,4,0,2026,3,16
2569,37851,3,8,2,4,0,2026,5,5
2570,5766,5,1,1,4,0,2026,6,8
2571,13678,0,5,1,3,0,2026,1,3
2572,1587,5,1,1,3,0,2026,3,22
2573,26266,4,17,2,0,0,2026,4,27
2574,5421,5,19,2,2,0,2026,6,19
2575,4976,5,19,0,2,0,2026,1,27
2576,6768,5,1,2,4,0,2026,1,22
2577,23182,3,11,2,2,0,2026,6,12
2578,9051,0,9,0,4,0,2026,4,26
2579,35798,3,8,0,3,0,2026,2,23
2580,3434,5,19,2,1,0,2026,5,22
2581,7554,5,14,2,2,0,2026,1,2
2582,36925,3,8,1,2,0,2026,5,5
2583,24102,4,0,0,4,0,2026,1,5
2584,7038,2,16,1,0,0,2026,5,12
2585,26548,4,0,2,4,0,2026,1,2
2586,24601,0,20,0,2,0,2026,4,13
2587,10226,0,5,0,2,0,2026,4,10
2588,7551,5,14,1,4,0,2026,6,13
2589,19080,3,11,2,0,0,2026,1,12
2590,6690,5,14,2,2,0,2026,4,7
2591,12206,4,17,2,1,0,2026,3,11
2592,41013,4,6,2,2,0,2026,5,5
2593,10828,4,6,0,1,0,2026,3,7
2594,15819,3,13,1,0,0,2026,4,27
2595,9045,1,7,1,3,0,2026,4,13
2596,13832,3,11,0,2,0,2026,4,12
2597,1784,1,3,1,3,0,2026,2,12
2598,1283,2,16,2,1,0,2026,1,3
2599,4802,0,9,0,3,0,2026,6,17
2600,41845,4,0,2,2,0,2026,6,25
2601,6895,1,12,2,2,0,2026,2,10
2602,7992,5,1,2,3,0,2026,3,27
2603,12118,1,7,2,4,0,2026,4,7
2604,11115,1,12,1,2,1,2026,3,23
2605,2922,5,19,1,4,0,2026,4,21
2606,7857,2,16,0,0,0,2026,3,12
2607,3000,2,15,2,2,0,2026,5,28
2608,7250,5,19,1,4,0,2026,1,6
2609,11231,1,3,1,4,0,2026,2,1
2610,24623,0,20,0,2,0,2026,2,3
2611,59386,4,4,1,0,1,2026,3,20
2612,5024,1,12,0,1,0,2026,3,26
2613,35102,3,13,2,1,0,2026,4,26
2614,18463,1,7,1,0,0,2026,5,8
2615,38885,4,4,1,1,0,2026,1,25
2616,3882,1,12,0,1,0,2026,6,18
2617,1788,1,3,2,3,0,2026,5,15
2618,585,2,10,1,1,0,2026,4,23
2619,50944,4,6,2,4,0,2026,6,12
2620,5388,5,19,2,2,0,2026,6,21
2621,6398,2,15,2,2,0,2026,5,6
2622,18627,4,17,2,2,0,2026,4,24
2623,24407,0,9,1,2,0,2026,4,8
2624,7460,2,15,2,2,0,2026,4,30
2625,14936,3,8,0,0,0,2026,6,10
2626,1564,5,14,0,3,1,2026,5,7
2627,16352,0,5,2,3,0,2026,2,24
2628,17907,1,12,0,1,0,2026,6,15
2629,33786,3,13,1,0,0,2026,5,27
2630,55103,4,17,2,4,0,2026,3,31
2631,4098,1,12,0,2,0,2026,3,26
2632,7248,5,1,0,1,0,2026,4,8
2633,8370,3,13,0,0,0,2026,1,19
2634,35479,4,4,1,0,0,2026,3,6
2635,16162,1,3,2,1,0,2026,1,3
2636,4490,2,16,2,4,0,2026,5,27
2637,3243,2,16,2,2,0,2026,1,21
2638,799,2,15,2,2,1,2026,5,26
2639,29340,3,11,1,3,0,2026,2,19
2640,15803,0,5,0,0,0,2026,2,2
2641,10951,3,13,2,3,0,2026,4,27
2642,23178,0,20,1,4,0,2026,2,17
2643,13223,4,17,1,0,0,2026,3,19
2644,4021,0,5,2,2,0,2026,2,10
2645,15413,0,5,0,3,0,2026,3,29
2646,3820,2,2,1,0,0,2026,1,28
2647,10335,0,20,0,4,0,2026,2,5
2648,17621,1,3,1,4,0,2026,4,15
2649,13159,1,3,0,4,0,2026,6,4
2650,3671,5,18,2,1,0,2026,2,13
2651,6170,5,18,1,2,0,2026,3,15
2652,19776,1,12,2,1,0,2026,6,24
2653,3190,0,20,1,2,0,2026,5,6
2654,4792,5,19,2,2,0,2026,3,26
2655,14641,3,11,0,2,0,2026,4,7
2656,15088,1,3,2,1,0,2026,2,5
2657,3072,2,15,2,2,0,2026,1,30
2658,16419,4,4,2,0,0,2026,3,10
2659,24428,0,5,1,0,0,2026,5,18
2660,4398,5,1,1,0,0,2026,6,5
2661,5333,2,2,0,3,0,2026,6,25
2662,980,5,1,0,1,0,2026,3,2
2663,6381,1,12,1,4,0,2026,3,13
2664,19504,3,13,2,2,0,2026,6,18
2665,11107,1,7,1,4,0,2026,5,2
2666,7641,5,18,0,3,0,2026,6,3
2667,473,5,14,0,4,0,2026,5,15
2668,30511,3,13,1,2,0,2026,3,18
2669,54303,4,4,1,2,0,2026,5,4
2670,21083,4,6,0,3,0,2026,3,15
2671,53070,4,17,2,3,0,2026,3,15
2672,19500,1,12,0,0,0,2026,1,13
2673,5557,0,20,1,4,0,2026,6,11
2674,2494,1,7,1,2,0,2026,4,6
2675,5418,2,15,1,4,0,2026,1,12
2676,10082,3,13,0,3,0,2026,2,19
2677,5649,4,4,1,4,0,2026,6,26
2678,20869,0,5,2,0,0,2026,1,16
2679,7582,1,7,0,4,0,2026,3,20
2680,15403,3,13,1,1,0,2026,1,31
2681,22771,0,9,2,4,0,2026,6,1
2682,11300,3,11,1,1,0,2026,3,16
2683,6208,5,1,2,0,0,2026,2,3
2684,21374,3,8,1,4,0,2026,3,1
2685,3464,3,11,0,2,0,2026,3,16
2686,11365,3,13,0,2,0,2026,5,21
2687,3914,2,15,2,4,0,2026,4,26
2688,11622,3,11,1,3,0,2026,4,15
2689,1011,2,16,0,0,0,2026,4,21
2690,12905,0,5,1,0,0,2026,4,18
2691,3006,5,1,2,1,0,2026,4,12
2692,27274,3,8,2,1,0,2026,2,11
2693,24389,3,11,0,4,0,2026,4,22
2694,50526,4,6,2,0,1,2026,1,3
2695,5946,5,1,2,1,0,2026,2,2
2696,6649,5,1,1,2,0,2026,1,28
2697,18129,1,12,0,1,0,2026,3,28
2698,851,5,18,1,3,0,2026,2,8
2699,18560,1,12,2,2,0,2026,6,23
2700,44106,4,17,0,1,0,2026,1,10
2701,4169,5,14,1,3,0,2026,5,14
2702,10768,1,7,0,2,0,2026,5,4
2703,9100,0,9,2,0,1,2026,1,16
2704,7223,5,14,0,1,0,2026,1,16
2705,3598,5,18,1,0,0,2026,1,6
2706,21102,3,13,2,1,0,2026,1,3
2707,22158,0,9,1,1,0,2026,5,11
2708,19187,3,8,2,2,0,2026,3,25
2709,1838,5,18,2,1,0,2026,6,9
2710,27778,3,8,2,2,0,2026,4,12
2711,37522,4,17,0,0,0,2026,4,21
2712,13693,0,20,2,0,0,2026,3,13
2713,1697,2,2,2,1,0,2026,6,16
2714,53203,4,4,0,1,0,2026,4,5
2715,7970,5,14,2,4,0,2026,4,7
2716,12864,1,3,2,0,0,2026,5,17
2717,5375,0,20,2,2,0,2026,5,14
2718,13983,0,9,0,3,0,2026,6,24
2719,14128,0,20,2,2,0,2026,1,29
2720,7801,2,10,0,2,0,2026,2,8
2721,24678,3,13,1,1,0,2026,2,14
2722,7831,2,2,2,1,0,2026,4,15
2723,2940,1,7,2,0,0,2026,3,14
2724,1790,5,19,1,2,0,2026,5,1
2725,4657,0,20,0,0,0,2026,5,30
2726,1229,2,10,2,0,0,2026,3,31
2727,39542,4,17,1,2,0,2026,1,4
2728,15911,4,4,0,1,0,2026,6,25
2729,2361,5,1,2,2,0,2026,3,21
2730,53245,4,0,2,0,0,2026,4,21
2731,17201,0,20,0,1,0,2026,3,27
2732,18915,3,13,1,2,0,2026,3,2
2733,26891,4,0,1,4,0,2026,2,15
2734,2905,5,19,1,1,0,2026,1,2
2735,7052,5,14,0,4,0,2026,5,30
2736,32271,3,13,2,3,0,2026,3,10
2737,4495,2,2,1,2,0,2026,4,3
2738,8672,0,5,0,3,0,2026,5,14
2739,13289,1,7,0,4,0,2026,6,1
2740,13189,1,7,0,3,0,2026,6,14
2741,4667,2,2,2,0,0,2026,6,9
2742,38814,3,8,1,0,0,2026,2,5
2743,383,5,1,0,4,0,2026,1,25
2744,33563,4,6,2,2,0,2026,3,30
2745,10551,4,4,1,4,0,2026,2,7
2746,4557,2,10,1,1,0,2026,6,26
2747,3115,5,14,1,2,0,2026,1,26
2748,9722,0,9,2,3,0,2026,1,30
2749,3076,0,9,2,3,1,2026,4,26
2750,5685,2,15,2,3,0,2026,4,17
2751,1294,5,1,0,4,0,2026,4,19
2752,49516,4,17,2,1,0,2026,5,23
2753,2992,2,10,2,1,0,2026,5,28
2754,2706,5,14,0,4,0,2026,5,29
2755,823,2,16,2,2,0,2026,4,25
2756,10535,3,11,2,3,0,2026,6,8
2757,39192,4,6,1,1,0,2026,1,10
2758,6089,1,7,0,0,0,2026,4,29
2759,7243,5,1,0,2,0,2026,1,12
2760,7812,2,10,2,3,0,2026,6,18
2761,8840,4,17,1,0,0,2026,6,20
2762,43831,4,4,1,4,1,2026,5,2
2763,33392,3,13,2,1,0,2026,3,27
2764,5088,4,17,2,1,0,2026,5,16
2765,5382,3,13,2,3,0,2026,2,23
2766,17733,0,5,1,1,0,2026,5,12
2767,16385,1,7,1,4,0,2026,1,17
2768,979,2,15,2,1,0,2026,6,14
2769,41108,4,4,2,3,0,2026,5,10
2770,10858,4,6,0,0,0,2026,3,17
2771,12298,3,13,2,4,0,2026,4,28
2772,13996,3,11,1,1,0,2026,5,7
2773,3614,5,19,0,2,0,2026,1,31
2774,9234,4,4,2,2,0,2026,3,21
2775,17180,0,5,0,2,0,2026,2,19
2776,16507,0,9,1,3,0,2026,5,17
2777,3944,5,19,1,1,0,2026,6,27
2778,1224,5,18,2,0,0,2026,2,17
2779,2711,1,3,1,2,0,2026,2,28
2780,3916,2,2,2,1,0,2026,2,3
2781,16806,0,5,1,3,0,2026,3,31
2782,16292,1,12,0,0,0,2026,2,21
2783,16552,3,11,2,4,0,2026,2,26
2784,9772,0,5,1,0,0,2026,3,13
2785,10374,4,4,0,1,0,2026,1,12
2786,4179,5,14,2,3,0,2026,5,24
2787,10652,1,3,2,1,1,2026,2,16
2788,32567,3,8,0,3,0,2026,6,18
2789,3497,2,2,2,2,0,2026,4,21
2790,17543,1,12,2,0,0,2026,1,7
2791,13831,0,9,1,1,0,2026,2,28
2792,19969,1,12,0,1,0,2026,1,20
2793,9028,3,13,2,3,0,2026,1,4
2794,12352,1,7,0,4,0,2026,4,6
2795,54767,4,6,2,0,1,2026,4,4
2796,657,5,19,0,1,0,2026,5,31
2797,16123,1,3,1,3,0,2026,3,10
2798,7297,0,5,1,2,0,2026,1,30
2799,14399,4,0,0,2,0,2026,3,18
2800,1790,1,12,1,3,0,2026,2,23
2801,940,5,18,1,0,0,2026,2,11
2802,5373,0,20,1,4,0,2026,1,8
2803,6541,2,2,0,4,0,2026,2,7
2804,12242,3,11,2,1,0,2026,5,28
2805,7126,1,3,1,4,0,2026,4,15
2806,904,2,10,0,4,0,2026,4,12
2807,21462,0,20,0,4,0,2026,5,2
2808,56194,4,6,1,0,0,2026,6,24
2809,8083,0,9,0,0,0,2026,1,11
2810,3723,2,2,2,0,0,2026,1,27
2811,14655,3,13,1,0,0,2026,3,11
2812,5520,2,10,1,4,0,2026,2,25
2813,11704,3,8,1,2,0,2026,2,1
2814,3224,5,18,0,0,0,2026,3,11
2815,46391,4,0,2,2,0,2026,6,7
2816,6446,5,19,2,2,1,2026,1,23
2817,5289,3,13,1,2,0,2026,1,14
2818,4193,5,18,1,3,0,2026,3,16
2819,12450,3,8,1,1,0,2026,5,24
2820,13424,1,7,2,2,0,2026,2,18
2821,2492,5,1,1,3,0,2026,5,6
2822,16600,1,3,2,1,0,2026,6,1
2823,12918,1,3,1,2,0,2026,6,25
2824,22889,3,11,0,1,0,2026,1,17
2825,4209,5,18,0,0,0,2026,1,14
2826,4678,1,3,2,2,0,2026,2,1
2827,12069,4,17,0,2,0,2026,1,30
2828,1809,2,15,2,2,0,2026,2,16
2829,18713,3,13,0,0,0,2026,6,9
2830,28078,4,0,1,4,0,2026,4,13
2831,7104,0,9,0,4,0,2026,1,17
2832,4091,3,11,2,4,1,2026,3,24
2833,3526,1,12,2,2,0,2026,6,17
2834,54760,4,17,0,0,0,2026,1,12
2835,16662,0,5,2,2,1,2026,6,27
2836,1873,2,16,2,3,0,2026,5,19
2837,12705,1,7,1,2,0,2026,2,4
2838,27326,3,13,0,4,0,2026,2,20
2839,3268,5,1,0,3,0,2026,5,19
2840,41403,4,0,1,4,1,2026,2,6
2841,12195,0,20,1,1,0,2026,5,5
2842,11044,1,12,1,4,0,2026,3,13
2843,45579,4,0,2,2,0,2026,3,26
2844,19331,1,7,0,1,0,2026,5,30
2845,4230,1,3,2,2,0,2026,6,20
2846,2359,5,18,1,0,0,2026,5,17
2847,8370,3,8,0,1,0,2026,6,23
2848,18482,1,7,0,2,0,2026,1,16
2849,19932,1,7,0,0,0,2026,6,7
2850,56445,4,0,2,2,1,2026,3,19
2851,3688,1,7,1,3,0,2026,3,18
2852,12416,0,9,0,0,0,2026,5,10
2853,7463,2,16,2,3,0,2026,3,31
2854,11497,1,3,2,3,0,2026,1,3
2855,3746,2,15,0,2,0,2026,2,18
2856,37089,3,8,0,4,0,2026,6,9
2857,52752,4,17,0,1,1,2026,3,31
2858,13498,3,11,1,0,0,2026,2,10
2859,920,2,10,2,2,0,2026,5,9
2860,7487,1,7,0,4,0,2026,3,15
2861,15860,1,7,1,3,0,2026,5,25
2862,5965,3,11,0,3,0,2026,4,5
2863,24406,0,9,1,2,0,2026,1,6
2864,13378,1,7,0,0,0,2026,2,10
2865,3724,5,19,2,0,0,2026,5,31
2866,9913,0,9,1,4,0,2026,3,11
2867,13089,0,5,0,2,0,2026,3,1
2868,7946,0,20,2,4,0,2026,2,4
2869,14041,0,9,1,4,0,2026,6,6
2870,22353,0,9,0,0,0,2026,3,22
2871,3979,2,2,0,4,0,2026,5,17
2872,5625,2,2,1,4,0,2026,5,11
2873,7641,5,19,1,2,0,2026,2,3
2874,13868,1,12,1,1,0,2026,4,30
2875,7030,1,7,0,3,0,2026,6,19
2876,17636,0,5,0,1,0,2026,3,25
2877,17900,4,0,1,0,0,2026,4,23
2878,5954,5,14,1,3,0,2026,2,7
2879,5379,2,15,0,4,0,2026,3,31
2880,15506,0,9,2,3,0,2026,3,26
2881,12668,0,20,2,2,0,2026,5,21
2882,5661,4,0,1,2,0,2026,1,13
2883,1347,1,12,0,0,0,2026,1,25
2884,2037,2,16,0,3,0,2026,4,4
2885,5767,2,2,2,3,1,2026,2,19
2886,58665,4,17,1,3,0,2026,2,20
2887,1511,5,18,1,2,0,2026,5,11
2888,10289,1,7,1,3,0,2026,5,12
2889,7582,1,3,1,4,0,2026,5,11
2890,4527,1,12,0,2,0,2026,3,10
2891,15709,4,0,0,0,1,2026,6,12
2892,2668,2,16,0,1,0,2026,3,23
2893,14643,1,12,0,1,0,2026,5,24
2894,38460,3,13,1,3,0,2026,1,14
2895,8228,1,7,0,1,1,2026,2,1
2896,14116,1,7,0,4,0,2026,1,13
2897,4449,2,2,1,2,0,2026,2,27
2898,50231,4,0,0,4,0,2026,3,23
2899,7093,5,19,0,0,0,2026,6,2
2900,375,5,1,0,3,0,2026,2,25
2901,10026,1,3,1,4,0,2026,6,12
2902,20830,4,4,1,1,0,2026,2,19
2903,580,5,14,2,2,0,2026,2,24
2904,16911,3,11,0,1,0,2026,2,3
2905,14213,1,7,1,0,0,2026,4,28
2906,4914,5,14,2,1,0,2026,3,16
2907,6691,0,5,1,3,0,2026,1,1
2908,34908,4,0,0,0,1,2026,6,2
2909,14883,0,5,0,1,0,2026,6,24
2910,10844,1,7,2,1,1,2026,6,14
2911,8861,0,9,2,2,0,2026,1,13
2912,27402,3,11,0,2,0,2026,2,19
2913,55229,4,4,2,3,0,2026,6,17
2914,54360,4,4,1,0,0,2026,3,23
2915,5383,2,15,0,2,0,2026,2,22
2916,3701,2,2,2,0,0,2026,1,21
2917,1947,5,14,2,4,0,2026,5,20
2918,10708,1,3,1,4,0,2026,6,8
2919,5549,2,15,2,0,0,2026,1,21
2920,6129,2,2,2,4,0,2026,5,18
2921,13317,1,7,1,0,0,2026,6,6
2922,1826,2,15,1,2,0,2026,3,24
2923,10126,3,13,1,2,0,2026,5,3
2924,13941,0,20,2,2,1,2026,6,20
2925,1613,1,3,1,1,0,2026,3,7
2926,2623,1,12,2,1,0,2026,4,11
2927,5793,1,12,1,0,0,2026,1,6
2928,3536,2,15,1,0,0,2026,5,25
2929,612,2,10,0,3,0,2026,6,11
2930,14484,1,7,2,4,0,2026,5,3
2931,11007,0,5,0,0,0,2026,5,27
2932,8367,1,3,2,0,0,2026,1,14
2933,2947,0,20,2,0,0,2026,5,31
2934,7845,5,14,1,1,0,2026,2,16
2935,7617,3,11,1,3,0,2026,4,13
2936,7394,1,3,1,2,0,2026,5,30
2937,7078,2,16,1,4,0,2026,5,26
2938,21685,0,5,1,1,0,2026,3,6
2939,2534,2,16,2,4,0,2026,6,24
2940,4212,2,16,0,2,0,2026,6,11
2941,19343,1,3,1,0,0,2026,6,9
2942,4634,2,2,1,0,0,2026,2,28
2943,26951,3,8,2,2,0,2026,1,19
2944,3993,5,14,0,0,0,2026,5,23
2945,22043,3,8,2,2,0,2026,4,26
2946,20718,4,0,0,3,0,2026,2,27
2947,4286,2,2,0,0,0,2026,1,16
2948,6194,2,10,0,1,0,2026,3,16
2949,5421,0,5,1,2,1,2026,5,7
2950,8593,3,11,1,1,0,2026,5,4
2951,55158,4,17,2,2,0,2026,1,14
2952,48031,4,6,1,1,0,2026,6,12
2953,18222,0,9,1,3,0,2026,6,2
2954,1851,5,14,2,1,0,2026,4,9
2955,15849,0,20,1,4,0,2026,4,4
2956,18830,1,7,2,2,0,2026,4,12
2957,32336,3,13,2,1,0,2026,6,12
2958,4181,5,14,0,0,0,2026,4,19
2959,3180,2,10,2,1,0,2026,4,13
2960,16422,1,12,2,1,1,2026,3,8
2961,17339,0,5,2,0,0,2026,4,6
2962,23902,0,20,0,4,0,2026,6,2
2963,34082,4,17,0,3,0,2026,1,26
2964,1544,0,9,2,4,0,2026,3,28
2965,43367,4,0,1,0,0,2026,3,1
2966,43957,4,0,1,4,0,2026,5,24
2967,5523,2,10,2,4,0,2026,3,12
2968,1144,2,2,0,2,0,2026,2,8
2969,2442,2,16,2,4,0,2026,6,29
2970,26841,4,4,2,4,1,2026,4,16
2971,3857,2,15,2,1,0,2026,1,23
2972,3439,2,10,0,0,0,2026,6,20
2973,25266,4,17,0,0,0,2026,6,4
2974,53013,4,6,1,1,0,2026,6,11
2975,13472,1,3,0,2,0,2026,5,6
2976,39253,4,17,2,3,0,2026,6,17
2977,37346,4,4,2,1,1,2026,5,7
2978,25280,4,0,2,2,0,2026,5,16
2979,5106,2,10,2,2,0,2026,2,3
2980,11298,1,3,0,2,0,2026,3,4
2981,24885,4,4,2,0,0,2026,3,24
2982,2410,0,9,2,1,0,2026,6,8
2983,9286,4,6,0,4,0,2026,2,11
2984,2318,2,16,1,0,0,2026,1,14
2985,1334,2,10,0,2,0,2026,5,29
2986,15801,4,17,2,1,0,2026,3,30
2987,11691,1,7,1,2,0,2026,5,5
2988,25916,4,17,2,2,0,2026,5,17
2989,1297,2,16,2,3,0,2026,1,10
2990,1601,2,15,0,0,0,2026,3,20
2991,5142,2,15,1,4,0,2026,1,19
2992,3509,3,11,0,2,0,2026,5,15
2993,7782,2,2,2,3,0,2026,4,9
2994,20774,4,6,0,4,0,2026,2,2
2995,20840,3,11,1,2,0,2026,6,2
2996,26436,3,8,1,4,0,2026,3,15
2997,1749,0,5,2,3,0,2026,5,31
2998,4838,1,12,1,2,0,2026,5,29
2999,9751,1,3,2,1,1,2026,6,4
3000,7099,1,3,2,4,0,2026,3,27
